"TYPE"	"INDEX"	"NAME"	"REF_COUNT"	"FILE_COUNT"	"AREAS"	"RISK"	"SAMPLES"
"Item"	"666"	"(HP)PotionSmall"	"1"	"1"	"Envir/Drops"	"Medium"	"Envir/Drops/SerpantValley/ViperCave/Yimoogi.txt:121:1/1 (HP)PotionSmall"
"Item"	"667"	"(MP)PotionSmall"	"1"	"1"	"Envir/Drops"	"Medium"	"Envir/Drops/SerpantValley/ViperCave/Yimoogi.txt:122:1/1 (MP)PotionSmall"
"Item"	"833"	"AdamintineOre"	"1"	"1"	"Envir/NPCs"	"Medium"	"Envir/NPCs/GM/GM-Ore.txt:38:AdamintineOre"
"Item"	"829"	"Amethyst"	"1"	"1"	"Envir/NPCs"	"Medium"	"Envir/NPCs/GM/GM-Ore.txt:34:Amethyst"
"Item"	"713"	"Amulet(Bundle)"	"1"	"1"	"Envir/Recipe"	"Medium"	"Envir/Recipe/AmuletOfRevival.txt:11:Amulet(Bundle)"
"Item"	"125"	"BeltOfStrength1"	"1"	"1"	"Envir/NPCs"	"Medium"	"Envir/NPCs/GM/GM-Belt.txt:51:BeltOfStrength1"
"Item"	"127"	"BeltOfStrength2"	"1"	"1"	"Envir/NPCs"	"Medium"	"Envir/NPCs/GM/GM-Belt.txt:52:BeltOfStrength2"
"Item"	"129"	"BeltOfStrength3"	"1"	"1"	"Envir/NPCs"	"Medium"	"Envir/NPCs/GM/GM-Belt.txt:53:BeltOfStrength3"
"Item"	"131"	"BeltOfStrength4"	"1"	"1"	"Envir/NPCs"	"Medium"	"Envir/NPCs/GM/GM-Belt.txt:54:BeltOfStrength4"
"Item"	"133"	"BeltOfStrength5"	"1"	"1"	"Envir/NPCs"	"Medium"	"Envir/NPCs/GM/GM-Belt.txt:55:BeltOfStrength5"
"Item"	"953"	"BlackCreatureStone"	"1"	"1"	"Configs"	"Medium"	"Configs/Setup.ini:157:CreatureBlackStoneName=BlackCreatureStone"
"Item"	"1213"	"BlackCrystalRing"	"1"	"1"	"Envir/Quests"	"Medium"	"Envir/Quests/SerpentValley/Serpent Mines/4.txt:22:BlackCrystalRing"
"Item"	"1245"	"BlackIronBangle"	"1"	"1"	"Envir/Quests"	"Medium"	"Envir/Quests/WoomyonWoods/TaoistVillage/Tao Village/14.txt:16:BlackIronBangle"
"Item"	"766"	"BlackLeopard"	"1"	"1"	"Envir/NPCs"	"Medium"	"Envir/NPCs/GM/GM-Mount.txt:40:BlackLeopard"
"Item"	"788"	"BlackMask"	"1"	"1"	"Envir/NPCs"	"Medium"	"Envir/NPCs/GM/GM-Mount.txt:62:BlackMask"
"Item"	"1215"	"BlackPearlRing"	"1"	"1"	"Envir/Quests"	"Medium"	"Envir/Quests/SerpentValley/Serpent Mines/4.txt:24:BlackPearlRing"
"Item"	"785"	"BlackRibbon"	"1"	"1"	"Envir/NPCs"	"Medium"	"Envir/NPCs/GM/GM-Mount.txt:59:BlackRibbon"
"Item"	"774"	"BlackWolf"	"1"	"1"	"Envir/NPCs"	"Medium"	"Envir/NPCs/GM/GM-Mount.txt:48:BlackWolf"
"Item"	"1013"	"Blink"	"1"	"1"	"Configs"	"Medium"	"Configs/Setup.ini:129:BlinkSkill=Blink"
"Item"	"316"	"BloodThirstyBow"	"1"	"1"	"Envir/NPCs"	"Medium"	"Envir/NPCs/GM/GM-Weapon.txt:159:BloodThirstyBow"
"Item"	"1335"	"BloodWine"	"1"	"1"	"Envir/SystemScripts"	"Medium"	"Envir/SystemScripts/SharedNPCS/Tavern.txt:19:BloodWine"
"Item"	"1320"	"BlueOctagonalBox"	"1"	"1"	"Envir/SystemScripts"	"Medium"	"Envir/SystemScripts/00Default/UseItems.txt:27:;;BlueOctagonalBox"
"Item"	"784"	"BlueRibbon"	"1"	"1"	"Envir/NPCs"	"Medium"	"Envir/NPCs/GM/GM-Mount.txt:58:BlueRibbon"
"Item"	"765"	"BlueTiger"	"1"	"1"	"Envir/NPCs"	"Medium"	"Envir/NPCs/GM/GM-Mount.txt:39:BlueTiger"
"Item"	"773"	"BlueWolf"	"1"	"1"	"Envir/NPCs"	"Medium"	"Envir/NPCs/GM/GM-Mount.txt:47:BlueWolf"
"Item"	"124"	"BootsOfStrength1"	"1"	"1"	"Envir/NPCs"	"Medium"	"Envir/NPCs/GM/GM-Boot.txt:52:BootsOfStrength1"
"Item"	"126"	"BootsOfStrength2"	"1"	"1"	"Envir/NPCs"	"Medium"	"Envir/NPCs/GM/GM-Boot.txt:53:BootsOfStrength2"
"Item"	"128"	"BootsOfStrength3"	"1"	"1"	"Envir/NPCs"	"Medium"	"Envir/NPCs/GM/GM-Boot.txt:54:BootsOfStrength3"
"Item"	"130"	"BootsOfStrength4"	"1"	"1"	"Envir/NPCs"	"Medium"	"Envir/NPCs/GM/GM-Boot.txt:55:BootsOfStrength4"
"Item"	"132"	"BootsOfStrength5"	"1"	"1"	"Envir/NPCs"	"Medium"	"Envir/NPCs/GM/GM-Boot.txt:56:BootsOfStrength5"
"Item"	"778"	"BronzeBell"	"1"	"1"	"Envir/NPCs"	"Medium"	"Envir/NPCs/GM/GM-Mount.txt:52:BronzeBell"
"Item"	"772"	"BrownWolf"	"1"	"1"	"Envir/NPCs"	"Medium"	"Envir/NPCs/GM/GM-Mount.txt:46:BrownWolf"
"Item"	"900"	"CannibalPoison"	"1"	"1"	"Envir/Drops"	"Medium"	"Envir/Drops/Provinces/CannibalPlant.txt:7:1/20 CannibalPoison"
"Item"	"1332"	"CannibalWine"	"1"	"1"	"Envir/SystemScripts"	"Medium"	"Envir/SystemScripts/SharedNPCS/Tavern.txt:16:CannibalWine"
"Item"	"1133"	"CaveReport"	"1"	"1"	"Envir/NPCs"	"Medium"	"Envir/NPCs/GM/GM-Quest.txt:47:CaveReport"
"Item"	"219"	"CheongboBelt(ARCH)"	"1"	"1"	"Envir/NPCs"	"Medium"	"Envir/NPCs/GM/GM-Belt.txt:63:CheongboBelt(ARCH)"
"Item"	"216"	"CheongboBelt(ASSA)"	"1"	"1"	"Envir/NPCs"	"Medium"	"Envir/NPCs/GM/GM-Belt.txt:62:CheongboBelt(ASSA)"
"Item"	"213"	"CheongboBelt(TAO)"	"1"	"1"	"Envir/NPCs"	"Medium"	"Envir/NPCs/GM/GM-Belt.txt:61:CheongboBelt(TAO)"
"Item"	"207"	"CheongboBelt(WAR)"	"1"	"1"	"Envir/NPCs"	"Medium"	"Envir/NPCs/GM/GM-Belt.txt:59:CheongboBelt(WAR)"
"Item"	"210"	"CheongboBelt(WIZ)"	"1"	"1"	"Envir/NPCs"	"Medium"	"Envir/NPCs/GM/GM-Belt.txt:60:CheongboBelt(WIZ)"
"Item"	"220"	"CheongboBoots(ARCH)"	"1"	"1"	"Envir/NPCs"	"Medium"	"Envir/NPCs/GM/GM-Boot.txt:70:CheongboBoots(ARCH)"
"Item"	"217"	"CheongboBoots(ASSA)"	"1"	"1"	"Envir/NPCs"	"Medium"	"Envir/NPCs/GM/GM-Boot.txt:69:CheongboBoots(ASSA)"
"Item"	"214"	"CheongboBoots(TAO)"	"1"	"1"	"Envir/NPCs"	"Medium"	"Envir/NPCs/GM/GM-Boot.txt:68:CheongboBoots(TAO)"
"Item"	"208"	"CheongboBoots(WAR)"	"1"	"1"	"Envir/NPCs"	"Medium"	"Envir/NPCs/GM/GM-Boot.txt:66:CheongboBoots(WAR)"
"Item"	"211"	"CheongboBoots(WIZ)"	"1"	"1"	"Envir/NPCs"	"Medium"	"Envir/NPCs/GM/GM-Boot.txt:67:CheongboBoots(WIZ)"
"Item"	"218"	"CheongboHelmet(ARCH)"	"1"	"1"	"Envir/NPCs"	"Medium"	"Envir/NPCs/GM/GM-Helmet.txt:57:CheongboHelmet(ARCH)"
"Item"	"215"	"CheongboHelmet(ASSA)"	"1"	"1"	"Envir/NPCs"	"Medium"	"Envir/NPCs/GM/GM-Helmet.txt:56:CheongboHelmet(ASSA)"
"Item"	"212"	"CheongboHelmet(TAO)"	"1"	"1"	"Envir/NPCs"	"Medium"	"Envir/NPCs/GM/GM-Helmet.txt:55:CheongboHelmet(TAO)"
"Item"	"206"	"CheongboHelmet(WAR)"	"1"	"1"	"Envir/NPCs"	"Medium"	"Envir/NPCs/GM/GM-Helmet.txt:53:CheongboHelmet(WAR)"
"Item"	"209"	"CheongboHelmet(WIZ)"	"1"	"1"	"Envir/NPCs"	"Medium"	"Envir/NPCs/GM/GM-Helmet.txt:54:CheongboHelmet(WIZ)"
"Item"	"451"	"CraftRing1"	"1"	"1"	"Envir/NPCs"	"Medium"	"Envir/NPCs/GM/GM-Ring.txt:122:CraftRing1"
"Item"	"460"	"CraftRing10"	"1"	"1"	"Envir/NPCs"	"Medium"	"Envir/NPCs/GM/GM-Ring.txt:131:CraftRing10"
"Item"	"452"	"CraftRing2"	"1"	"1"	"Envir/NPCs"	"Medium"	"Envir/NPCs/GM/GM-Ring.txt:123:CraftRing2"
"Item"	"453"	"CraftRing3"	"1"	"1"	"Envir/NPCs"	"Medium"	"Envir/NPCs/GM/GM-Ring.txt:124:CraftRing3"
"Item"	"454"	"CraftRing4"	"1"	"1"	"Envir/NPCs"	"Medium"	"Envir/NPCs/GM/GM-Ring.txt:125:CraftRing4"
"Item"	"455"	"CraftRing5"	"1"	"1"	"Envir/NPCs"	"Medium"	"Envir/NPCs/GM/GM-Ring.txt:126:CraftRing5"
"Item"	"456"	"CraftRing6"	"1"	"1"	"Envir/NPCs"	"Medium"	"Envir/NPCs/GM/GM-Ring.txt:127:CraftRing6"
"Item"	"457"	"CraftRing7"	"1"	"1"	"Envir/NPCs"	"Medium"	"Envir/NPCs/GM/GM-Ring.txt:128:CraftRing7"
"Item"	"458"	"CraftRing8"	"1"	"1"	"Envir/NPCs"	"Medium"	"Envir/NPCs/GM/GM-Ring.txt:129:CraftRing8"
"Item"	"459"	"CraftRing9"	"1"	"1"	"Envir/NPCs"	"Medium"	"Envir/NPCs/GM/GM-Ring.txt:130:CraftRing9"
"Item"	"1361"	"DCTorch3"	"1"	"1"	"Envir/SystemScripts"	"High"	"Envir/SystemScripts/00Default/UseItems.txt:33:GIVEITEM DCTorch3 1"
"Item"	"315"	"DeathBow"	"1"	"1"	"Envir/NPCs"	"Medium"	"Envir/NPCs/GM/GM-Weapon.txt:158:DeathBow"
"Item"	"1323"	"DestructionLiquor"	"1"	"1"	"Envir/SystemScripts"	"High"	"Envir/SystemScripts/00Default/UseItems.txt:32:GIVEITEM DestructionLiquor 1"
"Item"	"843"	"Dice"	"1"	"1"	"Envir/NPCs"	"Medium"	"Envir/NPCs/GM/GM-Nothing.txt:34:Dice"
"Item"	"581"	"DragonNecklace"	"1"	"1"	"Envir/NPCs"	"Medium"	"Envir/NPCs/GM/GM-Necklace.txt:123:DragonNecklace"
"Item"	"587"	"DragonPendant"	"1"	"1"	"Envir/NPCs"	"Medium"	"Envir/NPCs/GM/GM-Necklace.txt:124:DragonPendant"
"Item"	"726"	"DragonTorch"	"1"	"1"	"Envir/NPCs"	"Medium"	"Envir/NPCs/GM/GM-Grocery.txt:36:DragonTorch"
"Item"	"1210"	"EbonyBangle"	"1"	"1"	"Envir/Quests"	"Medium"	"Envir/Quests/WoomyonWoods/Wilderness/InsectCave/6.txt:24:EbonyBangle"
"Item"	"1339"	"ElixirOfDefensive[1d]"	"1"	"1"	"Envir/SystemScripts"	"High"	"Envir/SystemScripts/00Default/UseItems.txt:68:GIVEITEM ElixirOfDefensive[1d] 1"
"Item"	"1340"	"ElixirOfGinseng[1d]"	"1"	"1"	"Envir/SystemScripts"	"High"	"Envir/SystemScripts/00Default/UseItems.txt:69:GIVEITEM ElixirOfGinseng[1d] 1"
"Item"	"1338"	"ElixirOfMight[1d]"	"1"	"1"	"Envir/SystemScripts"	"High"	"Envir/SystemScripts/00Default/UseItems.txt:67:GIVEITEM ElixirOfMight[1d] 1"
"Item"	"834"	"EmeraldOre"	"1"	"1"	"Envir/NPCs"	"Medium"	"Envir/NPCs/GM/GM-Ore.txt:39:EmeraldOre"
"Item"	"724"	"EnternalFlame"	"1"	"1"	"Envir/NPCs"	"Medium"	"Envir/NPCs/GM/GM-Grocery.txt:34:EnternalFlame"
"Item"	"528"	"EvilDragonBracelet"	"1"	"1"	"Envir/NPCs"	"Medium"	"Envir/NPCs/GM/GM-Bracelet.txt:114:EvilDragonBracelet"
"Item"	"464"	"EvilDragonRing"	"1"	"1"	"Envir/NPCs"	"Medium"	"Envir/NPCs/GM/GM-Ring.txt:135:EvilDragonRing"
"Item"	"1239"	"ExorcistRing"	"1"	"1"	"Envir/Quests"	"Medium"	"Envir/Quests/MongchonProvince/SabukWall/5.txt:18:ExorcistRing"
"Item"	"1341"	"EXP20%[1d]"	"1"	"1"	"Envir/SystemScripts"	"High"	"Envir/SystemScripts/00Default/UseItems.txt:70:GIVEITEM EXP20%[1d] 1"
"Item"	"1214"	"EyeofGoldenSnake"	"1"	"1"	"Envir/Quests"	"Medium"	"Envir/Quests/SerpentValley/Serpent Mines/4.txt:23:EyeofGoldenSnake"
"Item"	"857"	"Feather"	"1"	"1"	"Envir/Drops"	"Medium"	"Envir/Drops/Provinces/Hen.txt:31:1/20 Feather"
"Item"	"1346"	"FishingPackage"	"1"	"1"	"Envir/SystemScripts"	"Medium"	"Envir/SystemScripts/00Default/UseItems.txt:72:;;FishingPackage"
"Item"	"1327"	"GalePotion"	"1"	"1"	"Envir/SystemScripts"	"High"	"Envir/SystemScripts/00Default/UseItems.txt:34:GIVEITEM GalePotion 1"
"Item"	"842"	"GambleChip"	"1"	"1"	"Envir/NPCs"	"Medium"	"Envir/NPCs/GM/GM-Nothing.txt:33:GambleChip"
"Item"	"672"	"Ginseng"	"1"	"1"	"Envir/NPCs"	"Medium"	"Envir/NPCs/GM/GM-Potion.txt:48:Ginseng"
"Item"	"811"	"Gobby"	"1"	"1"	"Envir/NPCs"	"Medium"	"Envir/NPCs/GM/GM-Potion.txt:36:Gobby"
"Item"	"780"	"GoldBell"	"1"	"1"	"Envir/NPCs"	"Medium"	"Envir/NPCs/GM/GM-Mount.txt:54:GoldBell"
"Item"	"777"	"GoldBridle"	"1"	"1"	"Envir/NPCs"	"Medium"	"Envir/NPCs/GM/GM-Mount.txt:51:GoldBridle"
"Item"	"522"	"GoldenDragonBrace"	"1"	"1"	"Envir/NPCs"	"Medium"	"Envir/NPCs/GM/GM-Bracelet.txt:113:GoldenDragonBrace"
"Item"	"781"	"GreenBell"	"1"	"1"	"Envir/NPCs"	"Medium"	"Envir/NPCs/GM/GM-Mount.txt:55:GreenBell"
"Item"	"1322"	"GreenOctagonalBox"	"1"	"1"	"Envir/SystemScripts"	"Medium"	"Envir/SystemScripts/00Default/UseItems.txt:46:;;GreenOctagonalBox"
"Item"	"847"	"GuardianOrb"	"1"	"1"	"Envir/NPCs"	"Medium"	"Envir/NPCs/GM/GM-Nothing.txt:38:GuardianOrb"
"Item"	"1290"	"GuardRental[7d]"	"1"	"1"	"Envir/SystemScripts"	"High"	"Envir/SystemScripts/00Default/GuardsHelp.txt:4:CHECKITEM GuardRental[7d]"
"Item"	"1209"	"HardSteelSword"	"1"	"1"	"Envir/Quests"	"Medium"	"Envir/Quests/WoomyonWoods/Wilderness/InsectCave/6.txt:23:HardSteelSword"
"Item"	"767"	"IceLeopard"	"1"	"1"	"Envir/NPCs"	"Medium"	"Envir/NPCs/GM/GM-Mount.txt:41:IceLeopard"
"Item"	"972"	"Knapsack(L)"	"1"	"1"	"Envir/Drops"	"Medium"	"Envir/Drops/00Strongbox.txt:11:1/300 Knapsack(L)"
"Item"	"971"	"Knapsack(M)"	"1"	"1"	"Envir/Drops"	"Medium"	"Envir/Drops/00Strongbox.txt:10:1/200 Knapsack(M)"
"Item"	"970"	"Knapsack(S)"	"1"	"1"	"Envir/Drops"	"Medium"	"Envir/Drops/00Strongbox.txt:9:1/100 Knapsack(S)"
"Item"	"1230"	"LeatherArmour(F)"	"1"	"1"	"Envir/Drops"	"Medium"	"Envir/Drops/MongchonProvince/Zuma/ZumaTaurus.txt:49:1/5 LeatherArmour(F)"
"Item"	"1229"	"LeatherArmour(M)"	"1"	"1"	"Envir/Drops"	"Medium"	"Envir/Drops/MongchonProvince/Zuma/ZumaTaurus.txt:48:1/5 LeatherArmour(M)"
"Item"	"776"	"LeatherBridle"	"1"	"1"	"Envir/NPCs"	"Medium"	"Envir/NPCs/GM/GM-Mount.txt:50:LeatherBridle"
"Item"	"786"	"LeatherMask"	"1"	"1"	"Envir/NPCs"	"Medium"	"Envir/NPCs/GM/GM-Mount.txt:60:LeatherMask"
"Item"	"521"	"LunarBracelet"	"1"	"1"	"Envir/NPCs"	"Medium"	"Envir/NPCs/GM/GM-Bracelet.txt:112:LunarBracelet"
"Item"	"810"	"Mackeral"	"1"	"1"	"Envir/NPCs"	"Medium"	"Envir/NPCs/GM/GM-Potion.txt:37:Mackeral"
"Item"	"1324"	"MagicalLiquor"	"1"	"1"	"Envir/SystemScripts"	"High"	"Envir/SystemScripts/00Default/UseItems.txt:42:GIVEITEM MagicalLiquor 1"
"Item"	"1208"	"MagicBangle"	"1"	"1"	"Envir/Quests"	"Medium"	"Envir/Quests/BichonProvince/BichonWall/21.txt:22:MagicBangle"
"Item"	"1362"	"MCTorch3"	"1"	"1"	"Envir/SystemScripts"	"High"	"Envir/SystemScripts/00Default/UseItems.txt:43:GIVEITEM MCTorch3 1"
"Item"	"1334"	"MongchonWine"	"1"	"1"	"Envir/SystemScripts"	"Medium"	"Envir/SystemScripts/SharedNPCS/Tavern.txt:18:MongchonWine"
"Item"	"1211"	"MonkBangle"	"1"	"1"	"Envir/Quests"	"Medium"	"Envir/Quests/WoomyonWoods/Wilderness/InsectCave/6.txt:25:MonkBangle"
"Item"	"832"	"Nephrite"	"1"	"1"	"Envir/NPCs"	"Medium"	"Envir/NPCs/GM/GM-Ore.txt:37:Nephrite"
"Item"	"1175"	"OldCopperRing"	"1"	"1"	"Envir/Quests"	"Medium"	"Envir/Quests/BichonProvince/BorderVillage/4.txt:20:OldCopperRing"
"Item"	"835"	"OlivineOre"	"1"	"1"	"Envir/NPCs"	"Medium"	"Envir/NPCs/GM/GM-Ore.txt:40:OlivineOre"
"Item"	"768"	"PantheraTiger"	"1"	"1"	"Envir/NPCs"	"Medium"	"Envir/NPCs/GM/GM-Mount.txt:42:PantheraTiger"
"Item"	"158"	"RaidersArmour(F)"	"1"	"1"	"Envir/NPCs"	"Medium"	"Envir/NPCs/GM/GM-Armour.txt:51:RaidersArmour(F)"
"Item"	"152"	"RaidersArmour(M)"	"1"	"1"	"Envir/NPCs"	"Medium"	"Envir/NPCs/GM/GM-Armour.txt:50:RaidersArmour(M)"
"Item"	"176"	"RaidersBoots"	"1"	"1"	"Envir/NPCs"	"Medium"	"Envir/NPCs/GM/GM-Boot.txt:58:RaidersBoots"
"Item"	"177"	"RaidersBoots1"	"1"	"1"	"Envir/NPCs"	"Medium"	"Envir/NPCs/GM/GM-Boot.txt:59:RaidersBoots1"
"Item"	"178"	"RaidersBoots2"	"1"	"1"	"Envir/NPCs"	"Medium"	"Envir/NPCs/GM/GM-Boot.txt:60:RaidersBoots2"
"Item"	"179"	"RaidersBoots3"	"1"	"1"	"Envir/NPCs"	"Medium"	"Envir/NPCs/GM/GM-Boot.txt:61:RaidersBoots3"
"Item"	"180"	"RaidersBoots4"	"1"	"1"	"Envir/NPCs"	"Medium"	"Envir/NPCs/GM/GM-Boot.txt:62:RaidersBoots4"
"Item"	"181"	"RaidersBoots5"	"1"	"1"	"Envir/NPCs"	"Medium"	"Envir/NPCs/GM/GM-Boot.txt:63:RaidersBoots5"
"Item"	"170"	"RaidersGlove"	"1"	"1"	"Envir/NPCs"	"Medium"	"Envir/NPCs/GM/GM-Bracelet.txt:65:RaidersGlove"
"Item"	"164"	"RaidersHelmet"	"1"	"1"	"Envir/NPCs"	"Medium"	"Envir/NPCs/GM/GM-Helmet.txt:50:RaidersHelmet"
"Item"	"470"	"RDragonRing"	"1"	"1"	"Envir/NPCs"	"Medium"	"Envir/NPCs/GM/GM-Ring.txt:136:RDragonRing"
"Item"	"794"	"RedFishingRod[6M]"	"1"	"1"	"Envir/SystemScripts"	"High"	"Envir/SystemScripts/00Default/UseItems.txt:75:GIVEITEM RedFishingRod[6M] 1"
"Item"	"1321"	"RedOctagonalBox"	"1"	"1"	"Envir/SystemScripts"	"Medium"	"Envir/SystemScripts/00Default/UseItems.txt:37:;;RedOctagonalBox"
"Item"	"783"	"RedRibbon"	"1"	"1"	"Envir/NPCs"	"Medium"	"Envir/NPCs/GM/GM-Mount.txt:57:RedRibbon"
"Item"	"769"	"RedTiger"	"1"	"1"	"Envir/NPCs"	"Medium"	"Envir/NPCs/GM/GM-Mount.txt:43:RedTiger"
"Item"	"1330"	"RedWine"	"1"	"1"	"Envir/SystemScripts"	"Medium"	"Envir/SystemScripts/SharedNPCS/Tavern.txt:13:RedWine"
"Item"	"1233"	"RingOfMoral"	"1"	"1"	"Envir/Quests"	"Medium"	"Envir/Quests/WoomyonWoods/Castle-GI/Town/7.txt:25:RingOfMoral"
"Item"	"619"	"RottenShoes"	"1"	"1"	"Envir/NPCs"	"Medium"	"Envir/NPCs/GM/GM-Boot.txt:71:RottenShoes"
"Item"	"830"	"Ruby"	"1"	"1"	"Envir/NPCs"	"Medium"	"Envir/NPCs/GM/GM-Ore.txt:35:Ruby"
"Item"	"1363"	"SCTorch3"	"1"	"1"	"Envir/SystemScripts"	"High"	"Envir/SystemScripts/00Default/UseItems.txt:52:GIVEITEM SCTorch3 1"
"Item"	"779"	"SilverBell"	"1"	"1"	"Envir/NPCs"	"Medium"	"Envir/NPCs/GM/GM-Mount.txt:53:SilverBell"
"Item"	"789"	"SilverMask"	"1"	"1"	"Envir/NPCs"	"Medium"	"Envir/NPCs/GM/GM-Mount.txt:63:SilverMask"
"Item"	"809"	"SmallGobby"	"1"	"1"	"Envir/NPCs"	"Medium"	"Envir/NPCs/GM/GM-Potion.txt:34:SmallGobby"
"Item"	"1235"	"SolidBlackBoots"	"1"	"1"	"Envir/Quests"	"Medium"	"Envir/Quests/MongchonProvince/Bug Cave/5.txt:20:SolidBlackBoots"
"Item"	"1325"	"SoulLiquor"	"1"	"1"	"Envir/SystemScripts"	"High"	"Envir/SystemScripts/00Default/UseItems.txt:51:GIVEITEM SoulLiquor 1"
"Item"	"693"	"SpencerDrug"	"1"	"1"	"Envir/NPCs"	"Medium"	"Envir/NPCs/GM/GM-Potion.txt:58:SpencerDrug"
"Item"	"899"	"SpiderLeg"	"1"	"1"	"Envir/Drops"	"Medium"	"Envir/Drops/Provinces/SpittingSpider.txt:11:1/7 SpiderLeg Q"
"Item"	"1333"	"SpiderWine"	"1"	"1"	"Envir/SystemScripts"	"Medium"	"Envir/SystemScripts/SharedNPCS/Tavern.txt:17:SpiderWine"
"Item"	"1185"	"SteelBangle"	"1"	"1"	"Envir/Quests"	"Medium"	"Envir/Quests/WoomyonWoods/Wilderness/1.txt:26:SteelBangle"
"Item"	"1202"	"SteelBuckle"	"1"	"1"	"Envir/Quests"	"Medium"	"Envir/Quests/BichonProvince/BichonWall/14.txt:18:SteelBuckle"
"Item"	"893"	"String"	"1"	"1"	"Envir/NPCs"	"Medium"	"Envir/NPCs/GM/GM-CraftingMaterial.txt:145:String"
"Item"	"1186"	"StrongLeatherBelt"	"1"	"1"	"Envir/Quests"	"Medium"	"Envir/Quests/BichonProvince/BichonWall/4.txt:21:StrongLeatherBelt"
"Item"	"1194"	"StrongLeatherShoes"	"1"	"1"	"Envir/Quests"	"Medium"	"Envir/Quests/WoomyonWoods/Wilderness/3.txt:21:StrongLeatherShoes"
"Item"	"1193"	"SuperiorBronzeHelmet"	"1"	"1"	"Envir/Quests"	"Medium"	"Envir/Quests/SerpentValley/Village/9.txt:18:SuperiorBronzeHelmet"
"Item"	"1201"	"SuperiorMagicHelmet"	"1"	"1"	"Envir/Quests"	"Medium"	"Envir/Quests/BichonProvince/BichonWall/11.txt:22:SuperiorMagicHelmet"
"Item"	"146"	"TarragonArmour(F)"	"1"	"1"	"Envir/NPCs"	"Medium"	"Envir/NPCs/GM/GM-Armour.txt:49:TarragonArmour(F)"
"Item"	"140"	"TarragonArmour(M)"	"1"	"1"	"Envir/NPCs"	"Medium"	"Envir/NPCs/GM/GM-Armour.txt:48:TarragonArmour(M)"
"Item"	"138"	"TarragonBelt"	"1"	"1"	"Envir/NPCs"	"Medium"	"Envir/NPCs/GM/GM-Belt.txt:56:TarragonBelt"
"Item"	"135"	"TarragonBoots"	"1"	"1"	"Envir/NPCs"	"Medium"	"Envir/NPCs/GM/GM-Boot.txt:57:TarragonBoots"
"Item"	"136"	"TarragonBracelet"	"1"	"1"	"Envir/NPCs"	"Medium"	"Envir/NPCs/GM/GM-Bracelet.txt:64:TarragonBracelet"
"Item"	"134"	"TarragonHelmet"	"1"	"1"	"Envir/NPCs"	"Medium"	"Envir/NPCs/GM/GM-Helmet.txt:49:TarragonHelmet"
"Item"	"137"	"TarragonRing"	"1"	"1"	"Envir/NPCs"	"Medium"	"Envir/NPCs/GM/GM-Ring.txt:64:TarragonRing"
"Item"	"808"	"Tinker"	"1"	"1"	"Envir/NPCs"	"Medium"	"Envir/NPCs/GM/GM-Potion.txt:35:Tinker"
"Item"	"790"	"TitaniumMask"	"1"	"1"	"Envir/NPCs"	"Medium"	"Envir/NPCs/GM/GM-Mount.txt:64:TitaniumMask"
"Item"	"1207"	"ToughGlove"	"1"	"1"	"Envir/Quests"	"Medium"	"Envir/Quests/BichonProvince/BichonWall/21.txt:21:ToughGlove"
"Item"	"844"	"UnknownOrb"	"1"	"1"	"Envir/NPCs"	"Medium"	"Envir/NPCs/GM/GM-Nothing.txt:35:UnknownOrb"
"Item"	"787"	"WhiteMask"	"1"	"1"	"Envir/NPCs"	"Medium"	"Envir/NPCs/GM/GM-Mount.txt:61:WhiteMask"
"Item"	"770"	"WhiteTiger"	"1"	"1"	"Envir/NPCs"	"Medium"	"Envir/NPCs/GM/GM-Mount.txt:44:WhiteTiger"
"Item"	"1329"	"WhiteWine"	"1"	"1"	"Envir/SystemScripts"	"Medium"	"Envir/SystemScripts/SharedNPCS/Tavern.txt:12:WhiteWine"
"Item"	"775"	"WhiteWolf"	"1"	"1"	"Envir/NPCs"	"Medium"	"Envir/NPCs/GM/GM-Mount.txt:49:WhiteWolf"
"Item"	"1232"	"WizardRing"	"1"	"1"	"Envir/Quests"	"Medium"	"Envir/Quests/WoomyonWoods/Castle-GI/Town/7.txt:24:WizardRing"
"Item"	"969"	"WonderDrug(A.SPEED)"	"1"	"1"	"Envir/Drops"	"Medium"	"Envir/Drops/00Strongbox.txt:8:1/10 WonderDrug(A.SPEED)"
"Item"	"967"	"WonderDrug(AC)"	"1"	"1"	"Envir/Drops"	"Medium"	"Envir/Drops/00Strongbox.txt:6:1/10 WonderDrug(AC)"
"Item"	"964"	"WonderDrug(DROP)"	"1"	"1"	"Envir/Drops"	"Medium"	"Envir/Drops/00Strongbox.txt:3:1/100 WonderDrug(DROP)"
"Item"	"963"	"WonderDrug(EXP)"	"1"	"1"	"Envir/Drops"	"Medium"	"Envir/Drops/00Strongbox.txt:2:1/100 WonderDrug(EXP)"
"Item"	"965"	"WonderDrug(HP)"	"1"	"1"	"Envir/Drops"	"Medium"	"Envir/Drops/00Strongbox.txt:4:1/10 WonderDrug(HP)"
"Item"	"968"	"WonderDrug(MAC)"	"1"	"1"	"Envir/Drops"	"Medium"	"Envir/Drops/00Strongbox.txt:7:1/10 WonderDrug(MAC)"
"Item"	"966"	"WonderDrug(MP)"	"1"	"1"	"Envir/Drops"	"Medium"	"Envir/Drops/00Strongbox.txt:5:1/10 WonderDrug(MP)"
"Item"	"1176"	"WornIronBracelet"	"1"	"1"	"Envir/Quests"	"Medium"	"Envir/Quests/BichonProvince/BorderVillage/5.txt:21:WornIronBracelet"
"Item"	"1166"	"Algae"	"2"	"2"	"Envir/NPCs,Envir/Quests"	"Medium"	"Envir/NPCs/GM/GM-Quest.txt:84:Algae | Envir/Quests/PrajnaIsland/PIVillage/5.txt:16:Algae 2"
"Item"	"1204"	"AmberPendant"	"2"	"2"	"Envir/NPCs,Envir/Quests"	"Medium"	"Envir/NPCs/GM/GM-Necklace.txt:114:AmberPendant | Envir/Quests/BichonProvince/BichonWall/15.txt:26:AmberPendant"
"Item"	"815"	"ArmourBook(ACC)"	"2"	"2"	"Envir/Drops,Envir/NPCs"	"Medium"	"Envir/Drops/00Fishing.txt:14:1/200 ArmourBook(ACC) | Envir/NPCs/GM/GM-CraftingMaterial.txt:156:ArmourBook(ACC)"
"Item"	"938"	"AwakeningSoul1"	"2"	"2"	"Envir/Drops,Envir/NPCs"	"Medium"	"Envir/Drops/00Awakening.txt:33:1/25 AwakeningSoul1 | Envir/NPCs/GM/GM-Awakening.txt:48:AwakeningSoul1"
"Item"	"939"	"AwakeningSoul2"	"2"	"2"	"Envir/Drops,Envir/NPCs"	"Medium"	"Envir/Drops/00Awakening.txt:34:1/25 AwakeningSoul2 | Envir/NPCs/GM/GM-Awakening.txt:49:AwakeningSoul2"
"Item"	"940"	"AwakeningSoul3"	"2"	"2"	"Envir/Drops,Envir/NPCs"	"Medium"	"Envir/Drops/00Awakening.txt:35:1/25 AwakeningSoul3 | Envir/NPCs/GM/GM-Awakening.txt:50:AwakeningSoul3"
"Item"	"941"	"BabyPigEgg"	"2"	"2"	"Envir/NPCs"	"Medium"	"Envir/NPCs/BichonProvince/BichonWall/PetStore-0.txt:36:BabyPigEgg | Envir/NPCs/BichonProvince/BichonWall/PetStore.txt:36:BabyPigEgg"
"Item"	"1187"	"BlackCrystalPendant"	"2"	"2"	"Envir/NPCs,Envir/Quests"	"Medium"	"Envir/NPCs/GM/GM-Necklace.txt:110:BlackCrystalPendant | Envir/Quests/SerpentValley/Village/3.txt:21:BlackCrystalPendant"
"Item"	"1219"	"BlackIronCrowSwords"	"2"	"2"	"Envir/NPCs,Envir/Quests"	"Medium"	"Envir/NPCs/GM/GM-Weapon.txt:178:BlackIronCrowSwords | Envir/Quests/SerpentValley/Serpent Mines/7.txt:26:BlackIronCrowSwords"
"Item"	"1231"	"BlueJadePendant"	"2"	"2"	"Envir/NPCs,Envir/Quests"	"Medium"	"Envir/NPCs/GM/GM-Necklace.txt:116:BlueJadePendant | Envir/Quests/WoomyonWoods/Castle-GI/Town/7.txt:23:BlueJadePendant"
"Item"	"933"	"BodyGlyph0"	"2"	"2"	"Envir/Drops,Envir/NPCs"	"Medium"	"Envir/Drops/00Awakening.txt:27:1/25 BodyGlyph0 | Envir/NPCs/GM/GM-Awakening.txt:43:BodyGlyph0"
"Item"	"934"	"BodyGlyph1"	"2"	"2"	"Envir/Drops,Envir/NPCs"	"Medium"	"Envir/Drops/00Awakening.txt:28:1/25 BodyGlyph1 | Envir/NPCs/GM/GM-Awakening.txt:44:BodyGlyph1"
"Item"	"935"	"BodyGlyph2"	"2"	"2"	"Envir/Drops,Envir/NPCs"	"Medium"	"Envir/Drops/00Awakening.txt:29:1/25 BodyGlyph2 | Envir/NPCs/GM/GM-Awakening.txt:45:BodyGlyph2"
"Item"	"936"	"BodyGlyph3"	"2"	"2"	"Envir/Drops,Envir/NPCs"	"Medium"	"Envir/Drops/00Awakening.txt:30:1/25 BodyGlyph3 | Envir/NPCs/GM/GM-Awakening.txt:46:BodyGlyph3"
"Item"	"819"	"BookofMana"	"2"	"2"	"Envir/Drops,Envir/NPCs"	"Medium"	"Envir/Drops/00Fishing.txt:18:1/200 BookofMana | Envir/NPCs/GM/GM-CraftingMaterial.txt:160:BookofMana"
"Item"	"913"	"BraveryGlyph0"	"2"	"2"	"Envir/Drops,Envir/NPCs"	"Medium"	"Envir/Drops/00Awakening.txt:2:1/25 BraveryGlyph0 | Envir/NPCs/GM/GM-Awakening.txt:23:BraveryGlyph0"
"Item"	"914"	"BraveryGlyph1"	"2"	"2"	"Envir/Drops,Envir/NPCs"	"Medium"	"Envir/Drops/00Awakening.txt:3:1/25 BraveryGlyph1 | Envir/NPCs/GM/GM-Awakening.txt:24:BraveryGlyph1"
"Item"	"915"	"BraveryGlyph2"	"2"	"2"	"Envir/Drops,Envir/NPCs"	"Medium"	"Envir/Drops/00Awakening.txt:4:1/25 BraveryGlyph2 | Envir/NPCs/GM/GM-Awakening.txt:25:BraveryGlyph2"
"Item"	"916"	"BraveryGlyph3"	"2"	"2"	"Envir/Drops,Envir/NPCs"	"Medium"	"Envir/Drops/00Awakening.txt:5:1/25 BraveryGlyph3 | Envir/NPCs/GM/GM-Awakening.txt:26:BraveryGlyph3"
"Item"	"1192"	"BrokenSword"	"2"	"2"	"Envir/NPCs,Envir/Quests"	"Medium"	"Envir/NPCs/GM/GM-Weapon.txt:167:BrokenSword | Envir/Quests/SerpentValley/Village/8.txt:18:BrokenSword"
"Item"	"1183"	"BronzeHoaSword"	"2"	"2"	"Envir/NPCs,Envir/Quests"	"Medium"	"Envir/NPCs/GM/GM-Weapon.txt:165:BronzeHoaSword | Envir/Quests/BichonProvince/BichonWall/2.txt:25:BronzeHoaSword"
"Item"	"1182"	"BronzeShortSword"	"2"	"2"	"Envir/NPCs,Envir/Quests"	"Medium"	"Envir/NPCs/GM/GM-Weapon.txt:164:BronzeShortSword | Envir/Quests/BichonProvince/BichonWall/2.txt:24:BronzeShortSword"
"Item"	"1177"	"BronzeWarriorSword"	"2"	"2"	"Envir/NPCs,Envir/Quests"	"Medium"	"Envir/NPCs/GM/GM-Weapon.txt:163:BronzeWarriorSword | Envir/Quests/BichonProvince/BorderVillage/6.txt:20:BronzeWarriorSword"
"Item"	"1236"	"ClawPendant"	"2"	"2"	"Envir/NPCs,Envir/Quests"	"Medium"	"Envir/NPCs/GM/GM-Necklace.txt:117:ClawPendant | Envir/Quests/MongchonProvince/Bug Cave/5.txt:23:ClawPendant"
"Item"	"896"	"DeerBlood"	"2"	"2"	"Envir/Drops,Envir/NPCs"	"Medium"	"Envir/Drops/Provinces/Deer1.txt:27:1/50 DeerBlood | Envir/NPCs/GM/GM-CraftingMaterial.txt:148:DeerBlood"
"Item"	"895"	"DeerHorn"	"2"	"2"	"Envir/Drops,Envir/NPCs"	"Medium"	"Envir/Drops/Provinces/Deer1.txt:26:1/10 DeerHorn | Envir/NPCs/GM/GM-CraftingMaterial.txt:147:DeerHorn"
"Item"	"1188"	"EbonyPendant"	"2"	"2"	"Envir/NPCs,Envir/Quests"	"Medium"	"Envir/NPCs/GM/GM-Necklace.txt:111:EbonyPendant | Envir/Quests/SerpentValley/Village/3.txt:22:EbonyPendant"
"Item"	"1184"	"ElkWoodenBow"	"2"	"2"	"Envir/NPCs,Envir/Quests"	"Medium"	"Envir/NPCs/GM/GM-Weapon.txt:166:ElkWoodenBow | Envir/Quests/BichonProvince/BichonWall/2.txt:26:ElkWoodenBow"
"Item"	"929"	"EvilSlayerGlyph0"	"2"	"2"	"Envir/Drops,Envir/NPCs"	"Medium"	"Envir/Drops/00Awakening.txt:22:1/25 EvilSlayerGlyph0 | Envir/NPCs/GM/GM-Awakening.txt:39:EvilSlayerGlyph0"
"Item"	"930"	"EvilSlayerGlyph1"	"2"	"2"	"Envir/Drops,Envir/NPCs"	"Medium"	"Envir/Drops/00Awakening.txt:23:1/25 EvilSlayerGlyph1 | Envir/NPCs/GM/GM-Awakening.txt:40:EvilSlayerGlyph1"
"Item"	"931"	"EvilSlayerGlyph2"	"2"	"2"	"Envir/Drops,Envir/NPCs"	"Medium"	"Envir/Drops/00Awakening.txt:24:1/25 EvilSlayerGlyph2 | Envir/NPCs/GM/GM-Awakening.txt:41:EvilSlayerGlyph2"
"Item"	"932"	"EvilSlayerGlyph3"	"2"	"2"	"Envir/Drops,Envir/NPCs"	"Medium"	"Envir/Drops/00Awakening.txt:25:1/25 EvilSlayerGlyph3 | Envir/NPCs/GM/GM-Awakening.txt:42:EvilSlayerGlyph3"
"Item"	"1237"	"FireConvexLens"	"2"	"2"	"Envir/NPCs,Envir/Quests"	"Medium"	"Envir/NPCs/GM/GM-Necklace.txt:118:FireConvexLens | Envir/Quests/MongchonProvince/Bug Cave/5.txt:24:FireConvexLens"
"Item"	"1171"	"GoldenPendant"	"2"	"2"	"Envir/NPCs,Envir/Quests"	"Medium"	"Envir/NPCs/GM/GM-Necklace.txt:108:GoldenPendant | Envir/Quests/BichonProvince/BorderVillage/2.txt:20:GoldenPendant"
"Item"	"519"	"GreatBlueFoxBrace"	"2"	"2"	"Envir/Drops,Envir/NPCs"	"Medium"	"Envir/Drops/GreatFoxSpirit.txt:62:1/180 GreatBlueFoxBrace | Envir/NPCs/GM/GM-Bracelet.txt:110:GreatBlueFoxBrace"
"Item"	"576"	"GreatBlueFoxCollar"	"2"	"2"	"Envir/Drops"	"Medium"	"Envir/Drops/00FortuneBoxAccessory.txt:25:1/700 GreatBlueFoxCollar | Envir/Drops/GreatFoxSpirit.txt:51:1/180 GreatBlueFoxCollar"
"Item"	"447"	"GreatBlueFoxRing"	"2"	"2"	"Envir/Drops,Envir/NPCs"	"Medium"	"Envir/Drops/GreatFoxSpirit.txt:80:1/180 GreatBlueFoxRing | Envir/NPCs/GM/GM-Ring.txt:118:GreatBlueFoxRing"
"Item"	"517"	"GreatPurpleFoxBrace"	"2"	"2"	"Envir/Drops,Envir/NPCs"	"Medium"	"Envir/Drops/GreatFoxSpirit.txt:60:1/180 GreatPurpleFoxBrace | Envir/NPCs/GM/GM-Bracelet.txt:108:GreatPurpleFoxBrace"
"Item"	"574"	"GreatPurpleFoxCollar"	"2"	"2"	"Envir/Drops"	"Medium"	"Envir/Drops/00FortuneBoxAccessory.txt:7:1/700 GreatPurpleFoxCollar | Envir/Drops/GreatFoxSpirit.txt:49:1/180 GreatPurpleFoxCollar"
"Item"	"445"	"GreatPurpleFoxRing"	"2"	"2"	"Envir/Drops,Envir/NPCs"	"Medium"	"Envir/Drops/GreatFoxSpirit.txt:78:1/180 GreatPurpleFoxRing | Envir/NPCs/GM/GM-Ring.txt:116:GreatPurpleFoxRing"
"Item"	"518"	"GreatRedFoxBrace"	"2"	"2"	"Envir/Drops,Envir/NPCs"	"Medium"	"Envir/Drops/GreatFoxSpirit.txt:61:1/180 GreatRedFoxBrace | Envir/NPCs/GM/GM-Bracelet.txt:109:GreatRedFoxBrace"
"Item"	"575"	"GreatRedFoxCollar"	"2"	"2"	"Envir/Drops"	"Medium"	"Envir/Drops/00FortuneBoxAccessory.txt:16:1/700 GreatRedFoxCollar | Envir/Drops/GreatFoxSpirit.txt:50:1/180 GreatRedFoxCollar"
"Item"	"446"	"GreatRedFoxRing"	"2"	"2"	"Envir/Drops,Envir/NPCs"	"Medium"	"Envir/Drops/GreatFoxSpirit.txt:79:1/180 GreatRedFoxRing | Envir/NPCs/GM/GM-Ring.txt:117:GreatRedFoxRing"
"Item"	"403"	"HardenedRing"	"2"	"2"	"Envir/Drops,Envir/NPCs"	"Medium"	"Envir/Drops/PranjaIsland/PranjaTemple/MinotaurKing.txt:153:1/1000 HardenedRing | Envir/NPCs/GM/GM-Ring.txt:74:HardenedRing"
"Item"	"1218"	"KeenKrissSword"	"2"	"2"	"Envir/NPCs,Envir/Quests"	"Medium"	"Envir/NPCs/GM/GM-Weapon.txt:177:KeenKrissSword | Envir/Quests/SerpentValley/Serpent Mines/7.txt:25:KeenKrissSword"
"Item"	"943"	"KittenEgg"	"2"	"2"	"Envir/NPCs"	"Medium"	"Envir/NPCs/BichonProvince/BichonWall/PetStore-0.txt:37:KittenEgg | Envir/NPCs/BichonProvince/BichonWall/PetStore.txt:37:KittenEgg"
"Item"	"917"	"MagicGlyph0"	"2"	"2"	"Envir/Drops,Envir/NPCs"	"Medium"	"Envir/Drops/00Awakening.txt:7:1/25 MagicGlyph0 | Envir/NPCs/GM/GM-Awakening.txt:27:MagicGlyph0"
"Item"	"918"	"MagicGlyph1"	"2"	"2"	"Envir/Drops,Envir/NPCs"	"Medium"	"Envir/Drops/00Awakening.txt:8:1/25 MagicGlyph1 | Envir/NPCs/GM/GM-Awakening.txt:28:MagicGlyph1"
"Item"	"919"	"MagicGlyph2"	"2"	"2"	"Envir/Drops,Envir/NPCs"	"Medium"	"Envir/Drops/00Awakening.txt:9:1/25 MagicGlyph2 | Envir/NPCs/GM/GM-Awakening.txt:29:MagicGlyph2"
"Item"	"920"	"MagicGlyph3"	"2"	"2"	"Envir/Drops,Envir/NPCs"	"Medium"	"Envir/Drops/00Awakening.txt:10:1/25 MagicGlyph3 | Envir/NPCs/GM/GM-Awakening.txt:30:MagicGlyph3"
"Item"	"1216"	"MartialSabre"	"2"	"2"	"Envir/NPCs,Envir/Quests"	"Medium"	"Envir/NPCs/GM/GM-Weapon.txt:175:MartialSabre | Envir/Quests/SerpentValley/Serpent Mines/7.txt:23:MartialSabre"
"Item"	"822"	"MossyBox"	"2"	"2"	"Envir/Drops,Envir/NPCs"	"Medium"	"Envir/Drops/00Fishing.txt:2:1/4500 MossyBox | Envir/NPCs/GM/GM-CraftingMaterial.txt:163:MossyBox"
"Item"	"854"	"Mutton"	"2"	"1"	"Envir/Drops"	"Medium"	"Envir/Drops/Provinces/Sheep.txt:30:1/5 Mutton | Envir/Drops/Provinces/Sheep.txt:31:1/10 Mutton"
"Item"	"1203"	"OldNagaNecklace"	"2"	"2"	"Envir/NPCs,Envir/Quests"	"Medium"	"Envir/NPCs/GM/GM-Necklace.txt:113:OldNagaNecklace | Envir/Quests/BichonProvince/BichonWall/15.txt:25:OldNagaNecklace"
"Item"	"1145"	"OldRobe"	"2"	"2"	"Envir/NPCs,Envir/Quests"	"Medium"	"Envir/NPCs/GM/GM-Quest.txt:60:OldRobe | Envir/Quests/SerpentValley/Village/14.txt:14:OldRobe 1"
"Item"	"851"	"Pork"	"2"	"1"	"Envir/Drops"	"Medium"	"Envir/Drops/Provinces/Pig.txt:30:1/5 Pork | Envir/Drops/Provinces/Pig.txt:31:1/10 Pork"
"Item"	"1181"	"PrecisionPendant"	"2"	"2"	"Envir/NPCs,Envir/Quests"	"Medium"	"Envir/NPCs/GM/GM-Necklace.txt:109:PrecisionPendant | Envir/Quests/BichonProvince/BichonWall/1.txt:19:PrecisionPendant"
"Item"	"799"	"PremiumBait"	"2"	"2"	"Envir/NPCs,Envir/SystemScripts"	"High"	"Envir/NPCs/GM/GM-Fishing.txt:41:PremiumBait | Envir/SystemScripts/00Default/UseItems.txt:79:GIVEITEM PremiumBait 7200"
"Item"	"801"	"PremiumFinder"	"2"	"2"	"Envir/NPCs,Envir/SystemScripts"	"High"	"Envir/NPCs/GM/GM-Fishing.txt:43:PremiumFinder | Envir/SystemScripts/00Default/UseItems.txt:78:GIVEITEM PremiumFinder 1"
"Item"	"797"	"PremiumFloat"	"2"	"2"	"Envir/NPCs,Envir/SystemScripts"	"High"	"Envir/NPCs/GM/GM-Fishing.txt:39:PremiumFloat | Envir/SystemScripts/00Default/UseItems.txt:77:GIVEITEM PremiumFloat 1"
"Item"	"1345"	"PremiumPass[15d]"	"2"	"2"	"Envir/NPCs"	"High"	"Envir/NPCs/BichonProvince/BichonWall/14Wr-0.txt:39:CHECKITEM PremiumPass[15d] | Envir/NPCs/BichonProvince/BichonWall/Premium.txt:39:CHECKITEM PremiumPass[15d]"
"Item"	"1342"	"PremiumPass[1d]"	"2"	"2"	"Envir/NPCs"	"High"	"Envir/NPCs/BichonProvince/BichonWall/14Wr-0.txt:15:CHECKITEM PremiumPass[1d] | Envir/NPCs/BichonProvince/BichonWall/Premium.txt:15:CHECKITEM PremiumPass[1d]"
"Item"	"1343"	"PremiumPass[3d]"	"2"	"2"	"Envir/NPCs"	"High"	"Envir/NPCs/BichonProvince/BichonWall/14Wr-0.txt:23:CHECKITEM PremiumPass[3d] | Envir/NPCs/BichonProvince/BichonWall/Premium.txt:23:CHECKITEM PremiumPass[3d]"
"Item"	"1344"	"PremiumPass[7d]"	"2"	"2"	"Envir/NPCs"	"High"	"Envir/NPCs/BichonProvince/BichonWall/14Wr-0.txt:31:CHECKITEM PremiumPass[7d] | Envir/NPCs/BichonProvince/BichonWall/Premium.txt:31:CHECKITEM PremiumPass[7d]"
"Item"	"803"	"PremiumReel"	"2"	"2"	"Envir/NPCs,Envir/SystemScripts"	"High"	"Envir/NPCs/GM/GM-Fishing.txt:45:PremiumReel | Envir/SystemScripts/00Default/UseItems.txt:76:GIVEITEM PremiumReel 1"
"Item"	"925"	"ProtectionGlyph0"	"2"	"2"	"Envir/Drops,Envir/NPCs"	"Medium"	"Envir/Drops/00Awakening.txt:17:1/25 ProtectionGlyph0 | Envir/NPCs/GM/GM-Awakening.txt:35:ProtectionGlyph0"
"Item"	"926"	"ProtectionGlyph1"	"2"	"2"	"Envir/Drops,Envir/NPCs"	"Medium"	"Envir/Drops/00Awakening.txt:18:1/25 ProtectionGlyph1 | Envir/NPCs/GM/GM-Awakening.txt:36:ProtectionGlyph1"
"Item"	"927"	"ProtectionGlyph2"	"2"	"2"	"Envir/Drops,Envir/NPCs"	"Medium"	"Envir/Drops/00Awakening.txt:19:1/25 ProtectionGlyph2 | Envir/NPCs/GM/GM-Awakening.txt:37:ProtectionGlyph2"
"Item"	"928"	"ProtectionGlyph3"	"2"	"2"	"Envir/Drops,Envir/NPCs"	"Medium"	"Envir/Drops/00Awakening.txt:20:1/25 ProtectionGlyph3 | Envir/NPCs/GM/GM-Awakening.txt:38:ProtectionGlyph3"
"Item"	"514"	"PurpleFoxBracelet"	"2"	"2"	"Envir/Drops,Envir/NPCs"	"Medium"	"Envir/Drops/GreatFoxSpirit.txt:57:1/110 PurpleFoxBracelet | Envir/NPCs/GM/GM-Bracelet.txt:105:PurpleFoxBracelet"
"Item"	"571"	"PurpleFoxCollar"	"2"	"2"	"Envir/Drops"	"Medium"	"Envir/Drops/00FortuneBoxAccessory.txt:6:1/600 PurpleFoxCollar | Envir/Drops/GreatFoxSpirit.txt:46:1/110 PurpleFoxCollar"
"Item"	"442"	"PurpleFoxRing"	"2"	"2"	"Envir/Drops,Envir/NPCs"	"Medium"	"Envir/Drops/GreatFoxSpirit.txt:75:1/110 PurpleFoxRing | Envir/NPCs/GM/GM-Ring.txt:113:PurpleFoxRing"
"Item"	"1144"	"RedDagger"	"2"	"2"	"Envir/NPCs,Envir/Quests"	"Medium"	"Envir/NPCs/GM/GM-Quest.txt:59:RedDagger | Envir/Quests/SerpentValley/Serpent Mines/3.txt:14:RedDagger 1"
"Item"	"515"	"RedFoxBracelet"	"2"	"2"	"Envir/Drops,Envir/NPCs"	"Medium"	"Envir/Drops/GreatFoxSpirit.txt:58:1/110 RedFoxBracelet | Envir/NPCs/GM/GM-Bracelet.txt:106:RedFoxBracelet"
"Item"	"572"	"RedFoxCollar"	"2"	"2"	"Envir/Drops"	"Medium"	"Envir/Drops/00FortuneBoxAccessory.txt:15:1/600 RedFoxCollar | Envir/Drops/GreatFoxSpirit.txt:47:1/110 RedFoxCollar"
"Item"	"443"	"RedFoxRing"	"2"	"2"	"Envir/Drops,Envir/NPCs"	"Medium"	"Envir/Drops/GreatFoxSpirit.txt:76:1/110 RedFoxRing | Envir/NPCs/GM/GM-Ring.txt:114:RedFoxRing"
"Item"	"1257"	"RedMoonBlades"	"2"	"2"	"Envir/NPCs,Envir/Quests"	"Medium"	"Envir/NPCs/GM/GM-Weapon.txt:185:RedMoonBlades | Envir/Quests/HolySword/9.txt:25:RedMoonBlades"
"Item"	"1258"	"RedMoonBow"	"2"	"2"	"Envir/NPCs,Envir/Quests"	"Medium"	"Envir/NPCs/GM/GM-Weapon.txt:186:RedMoonBow | Envir/Quests/HolySword/9.txt:26:RedMoonBow"
"Item"	"806"	"RockBass"	"2"	"2"	"Envir/Drops,Envir/NPCs"	"Medium"	"Envir/Drops/00Fishing.txt:8:1/500 RockBass | Envir/NPCs/GM/GM-Fishing.txt:48:RockBass"
"Item"	"1172"	"SharpDagger"	"2"	"2"	"Envir/NPCs,Envir/Quests"	"Medium"	"Envir/NPCs/GM/GM-Weapon.txt:162:SharpDagger | Envir/Quests/BichonProvince/BorderVillage/3.txt:20:SharpDagger"
"Item"	"1199"	"SharpSabre"	"2"	"2"	"Envir/NPCs,Envir/Quests"	"Medium"	"Envir/NPCs/GM/GM-Weapon.txt:172:SharpSabre | Envir/Quests/BichonProvince/BichonWall/9.txt:27:SharpSabre"
"Item"	"1198"	"SharpScimitar"	"2"	"2"	"Envir/NPCs,Envir/Quests"	"Medium"	"Envir/NPCs/GM/GM-Weapon.txt:171:SharpScimitar | Envir/Quests/BichonProvince/BichonWall/9.txt:26:SharpScimitar"
"Item"	"1196"	"SharpSword"	"2"	"2"	"Envir/NPCs,Envir/Quests"	"Medium"	"Envir/NPCs/GM/GM-Weapon.txt:169:SharpSword | Envir/Quests/BichonProvince/BichonWall/9.txt:24:SharpSword"
"Item"	"1197"	"SharpTrident"	"2"	"2"	"Envir/NPCs,Envir/Quests"	"Medium"	"Envir/NPCs/GM/GM-Weapon.txt:170:SharpTrident | Envir/Quests/BichonProvince/BichonWall/9.txt:25:SharpTrident"
"Item"	"1241"	"SolidBronzeStaff"	"2"	"2"	"Envir/NPCs,Envir/Quests"	"Medium"	"Envir/NPCs/GM/GM-Weapon.txt:181:SolidBronzeStaff | Envir/Quests/MongchonProvince/MudWall/1.txt:20:SolidBronzeStaff"
"Item"	"1240"	"SolidGreatAxe"	"2"	"2"	"Envir/NPCs,Envir/Quests"	"Medium"	"Envir/NPCs/GM/GM-Weapon.txt:180:SolidGreatAxe | Envir/Quests/MongchonProvince/MudWall/1.txt:19:SolidGreatAxe"
"Item"	"1242"	"SolidSerpentSword"	"2"	"2"	"Envir/NPCs,Envir/Quests"	"Medium"	"Envir/NPCs/GM/GM-Weapon.txt:182:SolidSerpentSword | Envir/Quests/MongchonProvince/MudWall/1.txt:21:SolidSerpentSword"
"Item"	"1244"	"SolidSilverBow"	"2"	"2"	"Envir/NPCs,Envir/Quests"	"Medium"	"Envir/NPCs/GM/GM-Weapon.txt:184:SolidSilverBow | Envir/Quests/MongchonProvince/MudWall/1.txt:23:SolidSilverBow"
"Item"	"1243"	"SolidTwinBlades"	"2"	"2"	"Envir/NPCs,Envir/Quests"	"Medium"	"Envir/NPCs/GM/GM-Weapon.txt:183:SolidTwinBlades | Envir/Quests/MongchonProvince/MudWall/1.txt:22:SolidTwinBlades"
"Item"	"921"	"SoulGlyph0"	"2"	"2"	"Envir/Drops,Envir/NPCs"	"Medium"	"Envir/Drops/00Awakening.txt:12:1/25 SoulGlyph0 | Envir/NPCs/GM/GM-Awakening.txt:31:SoulGlyph0"
"Item"	"922"	"SoulGlyph1"	"2"	"2"	"Envir/Drops,Envir/NPCs"	"Medium"	"Envir/Drops/00Awakening.txt:13:1/25 SoulGlyph1 | Envir/NPCs/GM/GM-Awakening.txt:32:SoulGlyph1"
"Item"	"923"	"SoulGlyph2"	"2"	"2"	"Envir/Drops,Envir/NPCs"	"Medium"	"Envir/Drops/00Awakening.txt:14:1/25 SoulGlyph2 | Envir/NPCs/GM/GM-Awakening.txt:33:SoulGlyph2"
"Item"	"924"	"SoulGlyph3"	"2"	"2"	"Envir/Drops,Envir/NPCs"	"Medium"	"Envir/Drops/00Awakening.txt:15:1/25 SoulGlyph3 | Envir/NPCs/GM/GM-Awakening.txt:34:SoulGlyph3"
"Item"	"1217"	"SpearWithHook"	"2"	"2"	"Envir/NPCs,Envir/Quests"	"Medium"	"Envir/NPCs/GM/GM-Weapon.txt:176:SpearWithHook | Envir/Quests/SerpentValley/Serpent Mines/7.txt:24:SpearWithHook"
"Item"	"1174"	"StiffWoodenBow"	"2"	"2"	"Envir/NPCs,Envir/Quests"	"Medium"	"Envir/NPCs/GM/GM-Weapon.txt:189:StiffWoodenBow | Envir/Quests/BichonProvince/BorderVillage/3.txt:22:StiffWoodenBow"
"Item"	"1238"	"StrongBambooFlute"	"2"	"2"	"Envir/NPCs,Envir/Quests"	"Medium"	"Envir/NPCs/GM/GM-Necklace.txt:119:StrongBambooFlute | Envir/Quests/MongchonProvince/Bug Cave/5.txt:25:StrongBambooFlute"
"Item"	"1178"	"StrongHoaSword"	"2"	"2"	"Envir/NPCs,Envir/Quests"	"Medium"	"Envir/NPCs/GM/GM-Weapon.txt:188:StrongHoaSword | Envir/Quests/BichonProvince/BorderVillage/6.txt:21:StrongHoaSword"
"Item"	"1179"	"StrongWoodenBow"	"2"	"2"	"Envir/NPCs,Envir/Quests"	"Medium"	"Envir/NPCs/GM/GM-Weapon.txt:190:StrongWoodenBow | Envir/Quests/BichonProvince/BorderVillage/6.txt:22:StrongWoodenBow"
"Item"	"805"	"SwordFish"	"2"	"2"	"Envir/Drops,Envir/NPCs"	"Medium"	"Envir/Drops/00Fishing.txt:7:1/500 SwordFish | Envir/NPCs/GM/GM-Fishing.txt:47:SwordFish"
"Item"	"1200"	"ToughBow"	"2"	"2"	"Envir/NPCs,Envir/Quests"	"Medium"	"Envir/NPCs/GM/GM-Weapon.txt:173:ToughBow | Envir/Quests/BichonProvince/BichonWall/9.txt:28:ToughBow"
"Item"	"282"	"ToughHoaSword"	"2"	"2"	"Envir/NPCs,Envir/Quests"	"Medium"	"Envir/NPCs/GM/GM-Weapon.txt:187:ToughHoaSword | Envir/Quests/BichonProvince/BorderVillage/3.txt:21:ToughHoaSword"
"Item"	"1173"	"ToughHoaSword"	"2"	"2"	"Envir/NPCs,Envir/Quests"	"Medium"	"Envir/NPCs/GM/GM-Weapon.txt:187:ToughHoaSword | Envir/Quests/BichonProvince/BorderVillage/3.txt:21:ToughHoaSword"
"Item"	"1220"	"ToughLongBow"	"2"	"2"	"Envir/NPCs,Envir/Quests"	"Medium"	"Envir/NPCs/GM/GM-Weapon.txt:179:ToughLongBow | Envir/Quests/SerpentValley/Serpent Mines/7.txt:27:ToughLongBow"
"Item"	"1149"	"TraineeSuit"	"2"	"1"	"Envir/Quests"	"Medium"	"Envir/Quests/SerpentValley/Village/15.txt:8:the {TraineeSuit/LightSteelBlue} to {Drapery Sam/LimeGreen}. | Envir/Quests/SerpentValley/Village/15.txt:17:TraineeSuit 2"
"Item"	"817"	"Translucent"	"2"	"2"	"Envir/Drops,Envir/NPCs"	"Medium"	"Envir/Drops/00Fishing.txt:16:1/200 Translucent | Envir/NPCs/GM/GM-CraftingMaterial.txt:158:Translucent"
"Item"	"807"	"Trout"	"2"	"2"	"Envir/Drops,Envir/NPCs"	"Medium"	"Envir/Drops/00Fishing.txt:5:1/500 Trout | Envir/NPCs/GM/GM-Fishing.txt:49:Trout"
"Item"	"853"	"Venison"	"2"	"2"	"Envir/Drops"	"Medium"	"Envir/Drops/Provinces/Deer.txt:30:1/1 Venison | Envir/Drops/Provinces/Deer1.txt:32:1/1 Venison"
"Item"	"804"	"Walleye"	"2"	"2"	"Envir/Drops,Envir/NPCs"	"Medium"	"Envir/Drops/00Fishing.txt:6:1/500 Walleye | Envir/NPCs/GM/GM-Fishing.txt:46:Walleye"
"Item"	"962"	"WonderBox(L)"	"2"	"2"	"Envir/NPCs"	"Medium"	"Envir/NPCs/BichonProvince/BichonWall/PearlStore-0.txt:29:WonderBox(L) | Envir/NPCs/BichonProvince/BichonWall/PearlStore.txt:29:WonderBox(L)"
"Item"	"961"	"WonderBox(M)"	"2"	"2"	"Envir/NPCs"	"Medium"	"Envir/NPCs/BichonProvince/BichonWall/PearlStore-0.txt:30:WonderBox(M) | Envir/NPCs/BichonProvince/BichonWall/PearlStore.txt:30:WonderBox(M)"
"Item"	"1205"	"WornBeadofPhoenix"	"2"	"2"	"Envir/NPCs,Envir/Quests"	"Medium"	"Envir/NPCs/GM/GM-Necklace.txt:115:WornBeadofPhoenix | Envir/Quests/BichonProvince/BichonWall/15.txt:27:WornBeadofPhoenix"
"Item"	"1189"	"YellowCrystalPendant"	"2"	"2"	"Envir/NPCs,Envir/Quests"	"Medium"	"Envir/NPCs/GM/GM-Necklace.txt:112:YellowCrystalPendant | Envir/Quests/SerpentValley/Village/3.txt:23:YellowCrystalPendant"
"Item"	"764"	"BengalTiger"	"3"	"3"	"Envir/NPCs"	"Medium"	"Envir/NPCs/BichonProvince/BichonWall/StableGirl-0.txt:32:BengalTiger | Envir/NPCs/BichonProvince/BichonWall/StableGirl.txt:34:BengalTiger | Envir/NPCs/GM/GM-Mount.txt:38:BengalTiger"
"Item"	"1159"	"BichonTales(1)"	"3"	"3"	"Envir/Drops,Envir/NPCs,Envir/Quests"	"Medium"	"Envir/Drops/Unused/Zombies/Zombie51.txt:6:1/15 BichonTales(1) Q | Envir/NPCs/GM/GM-Quest.txt:74:BichonTales(1) | Envir/Quests/MongchonProvince/SabukWall/2.txt:13:BichonTales(1) 1"
"Item"	"1160"	"BichonTales(2)"	"3"	"3"	"Envir/Drops,Envir/NPCs,Envir/Quests"	"Medium"	"Envir/Drops/Unused/Zombies/Zombie51.txt:7:1/15 BichonTales(2) Q | Envir/NPCs/GM/GM-Quest.txt:75:BichonTales(2) | Envir/Quests/MongchonProvince/SabukWall/2.txt:14:BichonTales(2) 1"
"Item"	"1161"	"BichonTales(3)"	"3"	"3"	"Envir/Drops,Envir/NPCs,Envir/Quests"	"Medium"	"Envir/Drops/Unused/Zombies/Zombie51.txt:8:1/15 BichonTales(3) Q | Envir/NPCs/GM/GM-Quest.txt:76:BichonTales(3) | Envir/Quests/MongchonProvince/SabukWall/1.txt:15:BichonTales(3) 1"
"Item"	"848"	"BichonToken"	"3"	"3"	"Envir/NPCs"	"Medium"	"Envir/NPCs/BichonProvince/BichonWall/Examiner-0.txt:43:BichonToken | Envir/NPCs/BichonProvince/BichonWall/Examiner.txt:43:BichonToken | Envir/NPCs/GM/GM-Nothing.txt:39:BichonToken"
"Item"	"1118"	"BluePill"	"3"	"2"	"Envir/NPCs,Envir/Quests"	"High"	"Envir/NPCs/GM/GM-Quest.txt:30:BluePill | Envir/Quests/SerpentValley/Village/3.txt:7:Please take this {BluePill/LightSteelBlue} to {Bradly/LimeGreen} | Envir/Quests/SerpentValley/Village/3.txt:16:BluePill 1"
"Item"	"1111"	"CannibalLeaves"	"3"	"2"	"Envir/NPCs,Envir/Quests"	"Medium"	"Envir/NPCs/GM/GM-Quest.txt:22:CannibalLeaves | Envir/Quests/BichonProvince/BorderVillage/1.txt:7:Transport {CannibalLeaves/LightSteelBlue} to {CraftLady/LimeGreen} | Envir/Quests/BichonProvince/BorderVillage/1.txt:16:CannibalLeaves 5"
"Item"	"1348"	"CraftingBook"	"3"	"3"	"Envir/Recipe"	"Medium"	"Envir/Recipe/BraveryOrb.txt:7:CraftingBook | Envir/Recipe/MagicOrb.txt:7:CraftingBook | Envir/Recipe/SoulOrb.txt:7:CraftingBook"
"Item"	"1122"	"Ebony(Fruit)"	"3"	"3"	"Envir/Drops,Envir/NPCs,Envir/Quests"	"Medium"	"Envir/Drops/Provinces/EbonyTree.txt:17:1/4 Ebony(Fruit) Q | Envir/NPCs/GM/GM-Quest.txt:34:Ebony(Fruit) | Envir/Quests/SerpentValley/Village/9.txt:13:Ebony(Fruit) 10"
"Item"	"903"	"EvilApeHeart"	"3"	"3"	"Envir/Drops,Envir/NPCs,Envir/Quests"	"Medium"	"Envir/Drops/TaoVillage/TreePath/RedValley/GreyEvilApe.txt:2:1/18 EvilApeHeart Q | Envir/NPCs/GM/GM-CraftingMaterial.txt:151:EvilApeHeart | Envir/Quests/HolySword/9.txt:19:EvilApeHeart 2"
"Item"	"1302"	"EXP30%3"	"3"	"1"	"Envir/SystemScripts"	"High"	"Envir/SystemScripts/00Default/UseItems.txt:30:GIVEITEM EXP30%3 1 | Envir/SystemScripts/00Default/UseItems.txt:40:GIVEITEM EXP30%3 1 | Envir/SystemScripts/00Default/UseItems.txt:49:GIVEITEM EXP30%3 1"
"Item"	"657"	"FrozenStone"	"3"	"3"	"Envir/Drops,Envir/NPCs"	"Medium"	"Envir/Drops/Unused/Lords/WhiteValleyLord.txt:123:1/800 FrozenStone | Envir/Drops/WhiteValleyQueen.txt:109:1/800 FrozenStone | Envir/NPCs/GM/GM-Stone.txt:60:FrozenStone"
"Item"	"1326"	"HealthWine"	"3"	"1"	"Envir/SystemScripts"	"High"	"Envir/SystemScripts/00Default/UseItems.txt:31:GIVEITEM HealthWine 1 | Envir/SystemScripts/00Default/UseItems.txt:41:GIVEITEM HealthWine 1 | Envir/SystemScripts/00Default/UseItems.txt:50:GIVEITEM HealthWine 1"
"Item"	"540"	"JadeNecklace"	"3"	"3"	"Envir/Drops,Envir/NPCs"	"Medium"	"Envir/Drops/TaoVillage/MineralMines/CursedPriest.txt:35:1/500 JadeNecklace | Envir/Drops/TaoVillage/MineralMines/GreatGhoul.txt:47:1/15 JadeNecklace | Envir/NPCs/GM/GM-Necklace.txt:71:JadeNecklace"
"Item"	"792"	"LeanMeat"	"3"	"3"	"Envir/NPCs"	"Medium"	"Envir/NPCs/BichonProvince/BichonWall/StableGirl-0.txt:35:LeanMeat | Envir/NPCs/BichonProvince/BichonWall/StableGirl.txt:37:LeanMeat | Envir/NPCs/GM/GM-Mount.txt:66:LeanMeat"
"Item"	"692"	"MagicAid(L)"	"3"	"3"	"Envir/Drops"	"Medium"	"Envir/Drops/Bunny.txt:15:1/250 MagicAid(L) | Envir/Drops/Bunny2.txt:15:1/175 MagicAid(L) | Envir/Drops/Thumper.txt:21:1/25 MagicAid(L)"
"Item"	"1143"	"MobBlood"	"3"	"2"	"Envir/NPCs,Envir/Quests"	"Medium"	"Envir/NPCs/GM/GM-Quest.txt:58:MobBlood | Envir/Quests/SerpentValley/Village/13.txt:7:Deliver {MobBlood/LightSteelBlue} to {Dr.Kim/LimeGreen} in {SerpentValley/Yellow} | Envir/Quests/SerpentValley/Village/13.txt:16:MobBlood 2"
"Item"	"1124"	"OliviasRing"	"3"	"2"	"Envir/NPCs,Envir/Quests"	"Medium"	"Envir/NPCs/GM/GM-Quest.txt:38:OliviasRing | Envir/Quests/BichonProvince/BichonWall/10.txt:6:Find {OliviasRing/LightSteelBlue} in {OmaCave/Yellow} | Envir/Quests/BichonProvince/BichonWall/10.txt:14:OliviasRing 1"
"Item"	"389"	"OmaKingRobe(F)"	"3"	"3"	"Envir/Drops,Envir/NPCs"	"Medium"	"Envir/Drops/BichonProvince/OmaCave/OmaKingSpirit.txt:76:1/500 OmaKingRobe(F) | Envir/Drops/PastBichon/OmaValley/OmaKing.txt:76:1/500 OmaKingRobe(F) | Envir/NPCs/GM/GM-Armour.txt:113:OmaKingRobe(F)"
"Item"	"383"	"OmaKingRobe(M)"	"3"	"3"	"Envir/Drops,Envir/NPCs"	"Medium"	"Envir/Drops/BichonProvince/OmaCave/OmaKingSpirit.txt:75:1/500 OmaKingRobe(M) | Envir/Drops/PastBichon/OmaValley/OmaKing.txt:75:1/500 OmaKingRobe(M) | Envir/NPCs/GM/GM-Armour.txt:112:OmaKingRobe(M)"
"Item"	"593"	"ProbeNecklace"	"3"	"3"	"Envir/Drops,Envir/NPCs"	"Medium"	"Envir/Drops/TaoVillage/TreePath/RedValley/RedMoonEvil.txt:143:1/10000 ProbeNecklace | Envir/Drops/Unused/Lords/TaoVillageLord.txt:143:1/1000 ProbeNecklace | Envir/NPCs/GM/GM-Necklace.txt:63:ProbeNecklace"
"Item"	"791"	"RawMeat"	"3"	"3"	"Envir/NPCs"	"Medium"	"Envir/NPCs/BichonProvince/BichonWall/StableGirl-0.txt:34:RawMeat | Envir/NPCs/BichonProvince/BichonWall/StableGirl.txt:36:RawMeat | Envir/NPCs/GM/GM-Mount.txt:65:RawMeat"
"Item"	"1286"	"ResurrectionScroll"	"3"	"1"	"Envir/SystemScripts"	"High"	"Envir/SystemScripts/00Default/UseItems.txt:35:GIVEITEM ResurrectionScroll 1 | Envir/SystemScripts/00Default/UseItems.txt:44:GIVEITEM ResurrectionScroll 1 | Envir/SystemScripts/00Default/UseItems.txt:53:GIVEITEM ResurrectionScroll 1"
"Item"	"1349"	"SealedHero"	"3"	"2"	"Configs,Envir/NPCs"	"High"	"Configs/HeroSettings.ini:9:SealItemName=SealedHero | Envir/NPCs/GM/GM-Manager.txt:297:CHECKITEM SealedHero | Envir/NPCs/GM/GM-Manager.txt:305:TAKEITEM SealedHero"
"Item"	"449"	"SealRing"	"3"	"3"	"Envir/Drops,Envir/NPCs"	"Medium"	"Envir/Drops/DeadForest/Ruins/AncBringer.txt:108:1/450 SealRing | Envir/Drops/Unused/DeadForest/AncBringer.txt:108:1/450 SealRing | Envir/NPCs/GM/GM-Ring.txt:120:SealRing"
"Item"	"1119"	"SecretRecipe"	"3"	"2"	"Envir/NPCs,Envir/Quests"	"Medium"	"Envir/NPCs/GM/GM-Quest.txt:31:SecretRecipe | Envir/Quests/SerpentValley/Village/5.txt:5:wants my {SecretRecipe/LightSteelBlue}. I'm too busy to go | Envir/Quests/SerpentValley/Village/5.txt:19:SecretRecipe 2"
"Item"	"1154"	"SkysLetter"	"3"	"2"	"Envir/NPCs,Envir/Quests"	"Medium"	"Envir/NPCs/GM/GM-Quest.txt:69:SkysLetter | Envir/Quests/WoomyonWoods/TaoistVillage/Tao Village/13.txt:5:Delivery {SkysLetter/LightSteelBlue} to {Sir.Mogu/LimeGreen} in {BichonWall/Yellow}. | Envir/Quests/WoomyonWoods/TaoistVillage/Tao Village/13.txt:14:SkysLetter 2"
"Item"	"1195"	"SolidBronzeAxe"	"3"	"3"	"Envir/NPCs,Envir/Quests"	"Medium"	"Envir/NPCs/GM/GM-Weapon.txt:168:SolidBronzeAxe | Envir/Quests/BichonProvince/BichonWall/8.txt:22:SolidBronzeAxe | Envir/Quests/SerpentValley/Village/16.txt:22:SolidBronzeAxe"
"Item"	"689"	"StaminaAid(L)"	"3"	"3"	"Envir/Drops"	"Medium"	"Envir/Drops/Bunny.txt:14:1/250 StaminaAid(L) | Envir/Drops/Bunny2.txt:14:1/175 StaminaAid(L) | Envir/Drops/Thumper.txt:20:1/25 StaminaAid(L)"
"Item"	"1146"	"StolenGold"	"3"	"2"	"Envir/NPCs,Envir/Quests"	"Medium"	"Envir/NPCs/GM/GM-Quest.txt:61:StolenGold | Envir/Quests/SerpentValley/Serpent Mines/4.txt:5:the Gold. Please return and retrieve the {StolenGold/LightSteelBlue} | Envir/Quests/SerpentValley/Serpent Mines/4.txt:15:StolenGold 1"
"Item"	"520"	"SurvivalBracelet"	"3"	"3"	"Envir/Drops,Envir/NPCs"	"Medium"	"Envir/Drops/AncientCaves/Ancient_ZumaTaurus.txt:132:1/375 SurvivalBracelet | Envir/Drops/AncientCaves/ZumaTemple/Ancient_ZumaTaurus.txt:119:1/375 SurvivalBracelet | Envir/NPCs/GM/GM-Bracelet.txt:111:SurvivalBracelet"
"Item"	"577"	"SurvivalNecklace"	"3"	"3"	"Envir/Drops,Envir/NPCs"	"Medium"	"Envir/Drops/AncientCaves/Ancient_ZumaTaurus.txt:116:1/275 SurvivalNecklace | Envir/Drops/AncientCaves/ZumaTemple/Ancient_ZumaTaurus.txt:106:1/275 SurvivalNecklace | Envir/NPCs/GM/GM-Necklace.txt:62:SurvivalNecklace"
"Item"	"448"	"SurvivalRing"	"3"	"3"	"Envir/Drops,Envir/NPCs"	"Medium"	"Envir/Drops/AncientCaves/Ancient_ZumaTaurus.txt:150:1/320 SurvivalRing | Envir/Drops/AncientCaves/ZumaTemple/Ancient_ZumaTaurus.txt:133:1/320 SurvivalRing | Envir/NPCs/GM/GM-Ring.txt:119:SurvivalRing"
"Item"	"450"	"TajiRing"	"3"	"3"	"Envir/Drops,Envir/NPCs"	"Medium"	"Envir/Drops/DeadForest/Ruins/AncBringer.txt:109:1/300 TajiRing | Envir/Drops/Unused/DeadForest/AncBringer.txt:109:1/300 TajiRing | Envir/NPCs/GM/GM-Ring.txt:121:TajiRing"
"Item"	"1156"	"WoomasHorn"	"3"	"3"	"Envir/Drops,Envir/NPCs,Envir/Quests"	"Medium"	"Envir/Drops/WoomyonWoods/WoomaTemple/WoomaGuardian.txt:115:1/1 WoomasHorn Q | Envir/NPCs/GM/GM-Quest.txt:71:WoomasHorn | Envir/Quests/WoomyonWoods/Castle-GI/Town/7.txt:16:WoomasHorn 1"
"Item"	"1152"	"WornAxe"	"3"	"2"	"Envir/NPCs,Envir/Quests"	"Medium"	"Envir/NPCs/GM/GM-Quest.txt:67:WornAxe | Envir/Quests/WoomyonWoods/TaoistVillage/Tao Village/9.txt:8:the {WornAxe/LightSteelBlue} | Envir/Quests/WoomyonWoods/TaoistVillage/Tao Village/9.txt:15:WornAxe 1"
"Monster"	"468"	"Armadillo"	"1"	"1"	"Envir/Todo+Fixed List.txt"	"Medium"	"Envir/Todo+Fixed List.txt:50:Armadillo"
"Monster"	"469"	"ArmadilloElder"	"1"	"1"	"Envir/Todo+Fixed List.txt"	"Medium"	"Envir/Todo+Fixed List.txt:51:ArmadilloElder"
"Monster"	"14"	"AssassinClone"	"1"	"1"	"Configs"	"Medium"	"Configs/Setup.ini:103:AssassinCloneName=AssassinClone"
"Monster"	"549"	"AssassinScroll"	"1"	"1"	"Configs"	"Medium"	"Configs/Setup.ini:97:ScrollMob4=AssassinScroll"
"Monster"	"494"	"BloodyLureSpider"	"1"	"1"	"Envir/Quests"	"Medium"	"Envir/Quests/WoomyonWoods/TaoistVillage/Tao Village/9.txt:7:Locate and Kill {BloodyLureSpider/Crimson} and retrieve"
"Monster"	"514"	"BlueTurtle"	"1"	"1"	"Configs"	"Medium"	"Configs/Setup.ini:69:Turtle3=BlueTurtle"
"Monster"	"301"	"BombSpider"	"1"	"1"	"Configs"	"Medium"	"Configs/Setup.ini:100:BombSpiderName=BombSpider"
"Monster"	"9"	"BoneFamiliar"	"1"	"1"	"Configs"	"Medium"	"Configs/Setup.ini:57:SkeletonName=BoneFamiliar"
"Monster"	"545"	"BoulderSpirit"	"1"	"1"	"Configs"	"Medium"	"Configs/Setup.ini:92:HornedCommanderBombMob=BoulderSpirit"
"Monster"	"166"	"BugBat"	"1"	"1"	"Configs"	"Medium"	"Configs/Setup.ini:58:BugBatName=BugBat"
"Monster"	"472"	"CannibalTentacles"	"1"	"1"	"Envir/Todo+Fixed List.txt"	"Medium"	"Envir/Todo+Fixed List.txt:54:CannibalTentacles"
"Monster"	"458"	"CatWidow"	"1"	"1"	"Envir/Todo+Fixed List.txt"	"Medium"	"Envir/Todo+Fixed List.txt:40:CatWidow"
"Monster"	"18"	"CharmedSnake"	"1"	"1"	"Configs"	"Medium"	"Configs/Setup.ini:107:SnakesName=CharmedSnake"
"Monster"	"452"	"Chieftain_Archer"	"1"	"1"	"Envir/Todo+Fixed List.txt"	"Medium"	"Envir/Todo+Fixed List.txt:34:Chieftain_Archer"
"Monster"	"450"	"Chieftain_Priest"	"1"	"1"	"Envir/Todo+Fixed List.txt"	"Medium"	"Envir/Todo+Fixed List.txt:32:Chieftain_Priest"
"Monster"	"451"	"Chieftain_Rouge"	"1"	"1"	"Envir/Todo+Fixed List.txt"	"Medium"	"Envir/Todo+Fixed List.txt:33:Chieftain_Rouge"
"Monster"	"449"	"Chieftain_Warlock"	"1"	"1"	"Envir/Todo+Fixed List.txt"	"Medium"	"Envir/Todo+Fixed List.txt:31:Chieftain_Warlock"
"Monster"	"448"	"Chieftain_Warrior"	"1"	"1"	"Envir/Todo+Fixed List.txt"	"Medium"	"Envir/Todo+Fixed List.txt:30:Chieftain_Warrior"
"Monster"	"13"	"Clone"	"1"	"1"	"Configs"	"Medium"	"Configs/Setup.ini:101:CloneName=Clone"
"Monster"	"492"	"DarkSpirit"	"1"	"1"	"Envir/Todo+Fixed List.txt"	"Medium"	"Envir/Todo+Fixed List.txt:74:DarkSpirit"
"Monster"	"491"	"DarkWraith"	"1"	"1"	"Envir/Todo+Fixed List.txt"	"Medium"	"Envir/Todo+Fixed List.txt:73:DarkWraith"
"Monster"	"326"	"EvilApeSobo"	"1"	"1"	"Envir/Quests"	"Medium"	"Envir/Quests/WoomyonWoods/TaoistVillage/Tao Village/15.txt:9:Kill {EvilApeSobo/Crimson} and retrieve {PrajnaHistory/LightSteelBlue}."
"Monster"	"456"	"FightingCat"	"1"	"1"	"Envir/Todo+Fixed List.txt"	"Medium"	"Envir/Todo+Fixed List.txt:38:FightingCat"
"Monster"	"440"	"FineSoul"	"1"	"1"	"Envir/Todo+Fixed List.txt"	"Medium"	"Envir/Todo+Fixed List.txt:22:FineSoul"
"Monster"	"516"	"FinialTurtle"	"1"	"1"	"Configs"	"Medium"	"Configs/Setup.ini:71:Turtle5=FinialTurtle"
"Monster"	"457"	"FireCat"	"1"	"1"	"Envir/Todo+Fixed List.txt"	"Medium"	"Envir/Todo+Fixed List.txt:39:FireCat"
"Monster"	"339"	"FlyingStatue"	"1"	"1"	"Envir/Events"	"Medium"	"Envir/Events/gumi203-Event-41.txt:7:LOCALMESSAGE ""I see you Mete FlyingStatue!"" Hint"
"Monster"	"480"	"FrozenArcher"	"1"	"1"	"Envir/Todo+Fixed List.txt"	"Medium"	"Envir/Todo+Fixed List.txt:62:FrozenArcher"
"Monster"	"487"	"FrozenAxeman"	"1"	"1"	"Envir/Todo+Fixed List.txt"	"Medium"	"Envir/Todo+Fixed List.txt:69:FrozenAxeman"
"Monster"	"479"	"FrozenFighter"	"1"	"1"	"Envir/Todo+Fixed List.txt"	"Medium"	"Envir/Todo+Fixed List.txt:61:FrozenFighter"
"Monster"	"482"	"FrozenGolem"	"1"	"1"	"Envir/Todo+Fixed List.txt"	"Medium"	"Envir/Todo+Fixed List.txt:64:FrozenGolem"
"Monster"	"481"	"FrozenKnight"	"1"	"1"	"Envir/Todo+Fixed List.txt"	"Medium"	"Envir/Todo+Fixed List.txt:63:FrozenKnight"
"Monster"	"488"	"FrozenMagician"	"1"	"1"	"Envir/Todo+Fixed List.txt"	"Medium"	"Envir/Todo+Fixed List.txt:70:FrozenMagician"
"Monster"	"486"	"FrozenMiner"	"1"	"1"	"Envir/Todo+Fixed List.txt"	"Medium"	"Envir/Todo+Fixed List.txt:68:FrozenMiner"
"Monster"	"478"	"FrozenSolider"	"1"	"1"	"Envir/Todo+Fixed List.txt"	"Medium"	"Envir/Todo+Fixed List.txt:60:FrozenSolider"
"Monster"	"485"	"FrozenWarewolf"	"1"	"1"	"Envir/Todo+Fixed List.txt"	"Medium"	"Envir/Todo+Fixed List.txt:67:FrozenWarewolf"
"Monster"	"500"	"GameShop_Guard"	"1"	"1"	"Envir/SystemScripts"	"High"	"Envir/SystemScripts/00Default/GuardsHelp.txt:16:GIVEPET GameShop_Guard"
"Monster"	"513"	"GreenTurtle"	"1"	"1"	"Configs"	"Medium"	"Configs/Setup.ini:68:Turtle2=GreenTurtle"
"Monster"	"524"	"HellBomb1"	"1"	"1"	"Configs"	"Medium"	"Configs/Setup.ini:83:HellBomb1=HellBomb1"
"Monster"	"525"	"HellBomb2"	"1"	"1"	"Configs"	"Medium"	"Configs/Setup.ini:84:HellBomb2=HellBomb2"
"Monster"	"526"	"HellBomb3"	"1"	"1"	"Configs"	"Medium"	"Configs/Setup.ini:85:HellBomb3=HellBomb3"
"Monster"	"520"	"HellKnight1"	"1"	"1"	"Configs"	"Medium"	"Configs/Setup.ini:79:HellKnight1=HellKnight1"
"Monster"	"521"	"HellKnight2"	"1"	"1"	"Configs"	"Medium"	"Configs/Setup.ini:80:HellKnight2=HellKnight2"
"Monster"	"522"	"HellKnight3"	"1"	"1"	"Configs"	"Medium"	"Configs/Setup.ini:81:HellKnight3=HellKnight3"
"Monster"	"523"	"HellKnight4"	"1"	"1"	"Configs"	"Medium"	"Configs/Setup.ini:82:HellKnight4=HellKnight4"
"Monster"	"538"	"HornedSorceror"	"1"	"1"	"Configs"	"Medium"	"Configs/Setup.ini:91:HornedCommanderMob=HornedSorceror"
"Monster"	"517"	"Hugger"	"1"	"1"	"Configs"	"Medium"	"Configs/Setup.ini:76:BehemothMonster1=Hugger"
"Monster"	"537"	"Hydrax"	"1"	"1"	"Configs"	"Medium"	"Configs/Setup.ini:90:KingHydraxMob=Hydrax"
"Monster"	"490"	"IceCrystalSolider"	"1"	"1"	"Envir/Todo+Fixed List.txt"	"Medium"	"Envir/Todo+Fixed List.txt:72:IceCrystalSolider"
"Monster"	"483"	"IcePhantom"	"1"	"1"	"Envir/Todo+Fixed List.txt"	"Medium"	"Envir/Todo+Fixed List.txt:65:IcePhantom"
"Monster"	"454"	"Jar1"	"1"	"1"	"Envir/Todo+Fixed List.txt"	"Medium"	"Envir/Todo+Fixed List.txt:36:Jar1"
"Monster"	"455"	"Jar2"	"1"	"1"	"Envir/Todo+Fixed List.txt"	"Medium"	"Envir/Todo+Fixed List.txt:37:Jar2"
"Monster"	"443"	"Leopard"	"1"	"1"	"Envir/Todo+Fixed List.txt"	"Medium"	"Envir/Todo+Fixed List.txt:25:Leopard"
"Monster"	"453"	"Master_DragonYang"	"1"	"1"	"Envir/Todo+Fixed List.txt"	"Medium"	"Envir/Todo+Fixed List.txt:35:Master_DragonYang"
"Monster"	"446"	"Minion_Priest"	"1"	"1"	"Envir/Todo+Fixed List.txt"	"Medium"	"Envir/Todo+Fixed List.txt:28:Minion_Priest"
"Monster"	"447"	"Minion_Rouge"	"1"	"1"	"Envir/Todo+Fixed List.txt"	"Medium"	"Envir/Todo+Fixed List.txt:29:Minion_Rouge"
"Monster"	"445"	"Minion_Warlock"	"1"	"1"	"Envir/Todo+Fixed List.txt"	"Medium"	"Envir/Todo+Fixed List.txt:27:Minion_Warlock"
"Monster"	"444"	"Minion_Warrior"	"1"	"1"	"Envir/Todo+Fixed List.txt"	"Medium"	"Envir/Todo+Fixed List.txt:26:Minion_Warrior"
"Monster"	"519"	"MutatedHugger"	"1"	"1"	"Configs"	"Medium"	"Configs/Setup.ini:78:BehemothMonster3=MutatedHugger"
"Monster"	"518"	"PoisonHugger"	"1"	"1"	"Configs"	"Medium"	"Configs/Setup.ini:77:BehemothMonster2=PoisonHugger"
"Monster"	"325"	"RedMoonEvil1"	"1"	"1"	"Envir/SystemScripts"	"High"	"Envir/SystemScripts/00Default/OnAcceptQuests.txt:12:MONGEN RedMoonEvil1 1"
"Monster"	"512"	"RedTurtle"	"1"	"1"	"Configs"	"Medium"	"Configs/Setup.ini:67:Turtle1=RedTurtle"
"Monster"	"464"	"RestlessJar"	"1"	"1"	"Envir/Todo+Fixed List.txt"	"Medium"	"Envir/Todo+Fixed List.txt:46:RestlessJar"
"Monster"	"132"	"RotNdZombie"	"1"	"1"	"Envir/Quests"	"Medium"	"Envir/Quests/SerpentValley/Serpent Mines/4.txt:8:Kill {RotNdZombie/Crimson} located on {SerpentDeadMine 2F/Yellow}"
"Monster"	"471"	"SandSnail"	"1"	"1"	"Envir/Todo+Fixed List.txt"	"Medium"	"Envir/Todo+Fixed List.txt:53:SandSnail"
"Monster"	"437"	"SandStorm"	"1"	"1"	"Envir/Todo+Fixed List.txt"	"Medium"	"Envir/Todo+Fixed List.txt:20:SandStorm - Image"
"Monster"	"84"	"Scorpion"	"1"	"1"	"Envir/NPCs"	"Medium"	"Envir/NPCs/GM/GM-Teleporter.txt:47:<Great Fox Spirit/@GreatFoxSpirit> , <Wooma Taurus/@WoomaTaurus> , <King Scorpion/@KingScorpion> , <King Hog/@KingHog>"
"Monster"	"463"	"SeedingsGeneral"	"1"	"1"	"Envir/Todo+Fixed List.txt"	"Medium"	"Envir/Todo+Fixed List.txt:45:SeedingsGeneral"
"Monster"	"17"	"SnakeTotem"	"1"	"1"	"Configs"	"Medium"	"Configs/Setup.ini:106:SnakeTotemName=SnakeTotem"
"Monster"	"489"	"SnowYeti"	"1"	"1"	"Envir/Todo+Fixed List.txt"	"Medium"	"Envir/Todo+Fixed List.txt:71:SnowYeti"
"Monster"	"16"	"SpittingToad"	"1"	"1"	"Configs"	"Medium"	"Configs/Setup.ini:105:ToadName=SpittingToad"
"Monster"	"547"	"TaoistScroll"	"1"	"1"	"Configs"	"Medium"	"Configs/Setup.ini:95:ScrollMob2=TaoistScroll"
"Monster"	"515"	"TowerTurtle"	"1"	"1"	"Configs"	"Medium"	"Configs/Setup.ini:70:Turtle4=TowerTurtle"
"Monster"	"477"	"TucsonGeneral"	"1"	"1"	"Envir/Drops"	"Medium"	"Envir/Drops/MongchonProvince/Swamp/desktop.ini:3:TucsonGeneral.txt=@TucsonGeneral,0"
"Monster"	"442"	"TurtleGrass"	"1"	"1"	"Envir/Todo+Fixed List.txt"	"Medium"	"Envir/Todo+Fixed List.txt:24:TurtleGrass"
"Monster"	"15"	"VampireSpider"	"1"	"1"	"Configs"	"Medium"	"Configs/Setup.ini:104:VampireName=VampireSpider"
"Monster"	"470"	"VisceralWorm2"	"1"	"1"	"Envir/Todo+Fixed List.txt"	"Medium"	"Envir/Todo+Fixed List.txt:52:VisceralWorm2"
"Monster"	"546"	"WarriorScroll"	"1"	"1"	"Configs"	"Medium"	"Configs/Setup.ini:94:ScrollMob1=WarriorScroll"
"Monster"	"382"	"WingedOma"	"1"	"1"	"Envir/NPCs"	"High"	"Envir/NPCs/BichonProvince/Event/Proceeder40-EM002.txt:774:MonGen WingedOma 1"
"Monster"	"548"	"WizardScroll"	"1"	"1"	"Configs"	"Medium"	"Configs/Setup.ini:96:ScrollMob3=WizardScroll"
"Monster"	"467"	"YoungTucson"	"1"	"1"	"Envir/Todo+Fixed List.txt"	"Medium"	"Envir/Todo+Fixed List.txt:49:YoungTucson"
"Monster"	"110"	"Zombie2"	"1"	"1"	"Envir/Quests"	"Medium"	"Envir/Quests/BichonProvince/BichonWall/15.txt:13:Zombie2 5"
"Monster"	"112"	"Zombie3"	"1"	"1"	"Envir/Quests"	"Medium"	"Envir/Quests/BichonProvince/BichonWall/15.txt:14:Zombie3 5"
"Monster"	"114"	"Zombie4"	"1"	"1"	"Envir/Quests"	"Medium"	"Envir/Quests/BichonProvince/BichonWall/15.txt:15:Zombie4 5"
"Monster"	"116"	"Zombie5"	"1"	"1"	"Envir/Quests"	"Medium"	"Envir/Quests/BichonProvince/BichonWall/15.txt:12:Zombie5 5"
"Monster"	"196"	"ZumaArcher3"	"1"	"1"	"Configs"	"Medium"	"Configs/Setup.ini:64:Zuma5=ZumaArcher3"
"Monster"	"202"	"ZumaGuardian3"	"1"	"1"	"Configs"	"Medium"	"Configs/Setup.ini:66:Zuma7=ZumaGuardian3"
"Monster"	"199"	"ZumaStatue3"	"1"	"1"	"Configs"	"Medium"	"Configs/Setup.ini:65:Zuma6=ZumaStatue3"
"Monster"	"460"	"BlackHammerCat"	"2"	"2"	"Configs,Envir/Todo+Fixed List.txt"	"Medium"	"Configs/Setup.ini:87:GeneralMeowMeowMob2=BlackHammerCat | Envir/Todo+Fixed List.txt:42:BlackHammerCat"
"Monster"	"150"	"BlackMaggot"	"2"	"1"	"Envir/Quests"	"Medium"	"Envir/Quests/MongchonProvince/StoneTomb/1.txt:9:{BlackMaggot/Crimson} and {WedgeMoth/Crimson}. | Envir/Quests/MongchonProvince/StoneTomb/1.txt:14:BlackMaggot 10"
"Monster"	"462"	"CatShaman"	"2"	"2"	"Configs,Envir/Todo+Fixed List.txt"	"Medium"	"Configs/Setup.ini:89:GeneralMeowMeowMob4=CatShaman | Envir/Todo+Fixed List.txt:44:CatShaman"
"Monster"	"497"	"ChainGhoul"	"2"	"1"	"Envir/Quests"	"Medium"	"Envir/Quests/SerpentValley/Serpent Mines/2.txt:7:Eliminate 15 {ChainGhoul's/Crimson}. | Envir/Quests/SerpentValley/Serpent Mines/2.txt:12:ChainGhoul 15"
"Monster"	"408"	"CrazyManworm"	"2"	"1"	"Envir/Quests"	"Medium"	"Envir/Quests/WasteLand/Red Cave/1.txt:15:{MutatedManworm/Crimson} and {CrazyManworm/Crimson}. | Envir/Quests/WasteLand/Red Cave/1.txt:23:CrazyManworm 12"
"Monster"	"380"	"CrossbowOma"	"2"	"2"	"Envir/NPCs"	"High"	"Envir/NPCs/BichonProvince/Event/Proceeder40-EM002.txt:745:MonGen CrossbowOma 1 | Envir/NPCs/BichonProvince/Event/Proceeder41-EM003.txt:836:MonGen CrossbowOma 1"
"Monster"	"36"	"Currish"	"2"	"1"	"Envir/Quests"	"Medium"	"Envir/Quests/SerpentValley/Village/1.txt:4:{Currish/Crimson} and dropped my bag. My priceless | Envir/Quests/SerpentValley/Village/1.txt:8:Find the {JadeRing/LightSteelBlue} from {Currish/Crimson}."
"Monster"	"409"	"CyanoGhast"	"2"	"1"	"Envir/Quests"	"Medium"	"Envir/Quests/WasteLand/Red Cave/1.txt:14:Eliminate 12 {GhastlyLeecher/Crimson}, {CyanoGhast/Crimson}, | Envir/Quests/WasteLand/Red Cave/1.txt:21:CyanoGhast 12"
"Monster"	"285"	"DarkDevil"	"2"	"1"	"Envir/NPCs"	"High"	"Envir/NPCs/GM/GM-Teleporter.txt:48:<Dark Devil/@DarkDevil> , <Red Moon Evil/@RedMoonEvil> , <Minotaur King/@MinotaurKing> | Envir/NPCs/GM/GM-Teleporter.txt:1110:[@DarkDevil]"
"Monster"	"496"	"DarkPriestZombie"	"2"	"1"	"Envir/Quests"	"Medium"	"Envir/Quests/SerpentValley/Serpent Mines/1.txt:6:Eliminate 10 {GhostZombie/Crimson} and {DarkPriestZombie/Crimson}. | Envir/Quests/SerpentValley/Serpent Mines/1.txt:12:DarkPriestZombie 10"
"Monster"	"327"	"EvilBigApe"	"2"	"1"	"Envir/Quests"	"Medium"	"Envir/Quests/WoomyonWoods/TaoistVillage/TreePath/2.txt:5:Find and Eliminate {EvilBigApe/LightSteelBlue} in {RedValley/Yellow}. | Envir/Quests/WoomyonWoods/TaoistVillage/TreePath/2.txt:10:EvilBigApe 1"
"Monster"	"384"	"FlailOma"	"2"	"2"	"Envir/NPCs"	"High"	"Envir/NPCs/BichonProvince/Event/Proceeder30-EM001.txt:798:MonGen FlailOma 1 | Envir/NPCs/BichonProvince/Event/Proceeder40-EM002.txt:803:MonGen FlailOma 1"
"Monster"	"307"	"GangSpider"	"2"	"1"	"Envir/Quests"	"Medium"	"Envir/Quests/WoomyonWoods/TaoistVillage/Tao Village/10.txt:6:Eliminate 4 {GangSpider/Crimson}, {RootSpider/Crimson} 5 | Envir/Quests/WoomyonWoods/TaoistVillage/Tao Village/10.txt:12:GangSpider 4"
"Monster"	"406"	"GhastlyLeecher"	"2"	"1"	"Envir/Quests"	"Medium"	"Envir/Quests/WasteLand/Red Cave/1.txt:14:Eliminate 12 {GhastlyLeecher/Crimson}, {CyanoGhast/Crimson}, | Envir/Quests/WasteLand/Red Cave/1.txt:20:GhastlyLeecher 12"
"Monster"	"495"	"GhostZombie"	"2"	"1"	"Envir/Quests"	"Medium"	"Envir/Quests/SerpentValley/Serpent Mines/1.txt:6:Eliminate 10 {GhostZombie/Crimson} and {DarkPriestZombie/Crimson}. | Envir/Quests/SerpentValley/Serpent Mines/1.txt:11:GhostZombie 10"
"Monster"	"78"	"GiantKeratoid"	"2"	"2"	"Configs"	"Medium"	"Configs/FishingSystem.ini:9:Monster=GiantKeratoid | Configs/Setup.ini:102:FishMonster=GiantKeratoid"
"Monster"	"228"	"GreatFoxSpirit"	"2"	"1"	"Envir/NPCs"	"High"	"Envir/NPCs/GM/GM-Teleporter.txt:47:<Great Fox Spirit/@GreatFoxSpirit> , <Wooma Taurus/@WoomaTaurus> , <King Scorpion/@KingScorpion> , <King Hog/@KingHog> | Envir/NPCs/GM/GM-Teleporter.txt:1098:[@GreatFoxSpirit]"
"Monster"	"321"	"GreyEvilApe"	"2"	"2"	"Envir/NPCs"	"High"	"Envir/NPCs/BichonProvince/Event/Proceeder40-EM002.txt:568:MonGen GreyEvilApe 1 | Envir/NPCs/BichonProvince/Event/Proceeder41-EM003.txt:624:MonGen GreyEvilApe 1"
"Monster"	"4"	"Guard1"	"2"	"1"	"Envir/NPCs"	"High"	"Envir/NPCs/GM/GM-Manager.txt:117:<$CONQUESTGUARD(1,1)>   <Repair/@Guard1> | Envir/NPCs/GM/GM-Manager.txt:200:[@Guard1]"
"Monster"	"5"	"Guard2"	"2"	"1"	"Envir/NPCs"	"High"	"Envir/NPCs/GM/GM-Manager.txt:118:<$CONQUESTGUARD(1,2)>   <Repair/@Guard2> | Envir/NPCs/GM/GM-Manager.txt:205:[@Guard2]"
"Monster"	"498"	"Guard3"	"2"	"1"	"Envir/NPCs"	"High"	"Envir/NPCs/GM/GM-Manager.txt:119:<$CONQUESTGUARD(1,3)>   <Repair/@Guard3> | Envir/NPCs/GM/GM-Manager.txt:210:[@Guard3]"
"Monster"	"135"	"HiGreatGhoul"	"2"	"2"	"Envir/Quests"	"Medium"	"Envir/Quests/SerpentValley/Serpent Mines/3.txt:6:Kill {HiGreatGhoul/Crimson} on {SerpentDeadMines 2F/Yellow} | Envir/Quests/SerpentValley/Serpent Mines/7.txt:8:{HeartOfDead/LightSteelBlue} from the {HiGreatGhoul/Crimson}"
"Monster"	"231"	"HoroBlaster"	"2"	"1"	"Envir/Quests"	"Medium"	"Envir/Quests/WoomyonWoods/Wilderness/InsectCave/1.txt:5:I hear that {HoroBlaster/Crimson} and {BlueHoroBlaster/Crimson} ones | Envir/Quests/WoomyonWoods/Wilderness/InsectCave/1.txt:9:Kill {HoroBlaster/Crimson} and {BluHoroBlaster/Crimson} and Collect"
"Monster"	"294"	"HungryZombie"	"2"	"1"	"Envir/Quests"	"Medium"	"Envir/Quests/WoomyonWoods/TaoistVillage/WW Mines/1.txt:7:{HungryZombie's/Crimson} in {MineralMines/Yellow}. | Envir/Quests/WoomyonWoods/TaoistVillage/WW Mines/1.txt:14:HungryZombie 25 ""Eliminate the HungryZombie Threat"""
"Monster"	"375"	"MinotaurKing"	"2"	"1"	"Envir/NPCs"	"High"	"Envir/NPCs/GM/GM-Teleporter.txt:48:<Dark Devil/@DarkDevil> , <Red Moon Evil/@RedMoonEvil> , <Minotaur King/@MinotaurKing> | Envir/NPCs/GM/GM-Teleporter.txt:1116:[@MinotaurKing]"
"Monster"	"407"	"MutatedManworm"	"2"	"1"	"Envir/Quests"	"Medium"	"Envir/Quests/WasteLand/Red Cave/1.txt:15:{MutatedManworm/Crimson} and {CrazyManworm/Crimson}. | Envir/Quests/WasteLand/Red Cave/1.txt:22:MutatedManworm 12"
"Monster"	"386"	"OmaGuard"	"2"	"2"	"Envir/NPCs"	"High"	"Envir/NPCs/BichonProvince/Event/Proceeder30-EM001.txt:770:MonGen OmaGuard 1 | Envir/NPCs/BichonProvince/Event/Proceeder40-EM002.txt:746:MonGen OmaGuard 1"
"Monster"	"391"	"OmaKingSpirit"	"2"	"1"	"Envir/NPCs"	"High"	"Envir/NPCs/GM/GM-Teleporter.txt:46:<Oma King Spirit/@OmaKingSpirit> , <Evil Centipede/@EvilCentipede> , <Evil Snake/@EvilSnake> , <Zuma Taurus/@ZumaTaurus> | Envir/NPCs/GM/GM-Teleporter.txt:1086:[@OmaKingSpirit]"
"Monster"	"133"	"RotShamanZombie"	"2"	"1"	"Envir/Quests"	"Medium"	"Envir/Quests/SerpentValley/Serpent Mines/7.txt:7:Eliminate {RotShamanZombie's/Crimson} and retrieve | Envir/Quests/SerpentValley/Serpent Mines/7.txt:13:RotShamanZombie 20"
"Monster"	"39"	"Scarecrow"	"2"	"1"	"Envir/Quests"	"Medium"	"Envir/Quests/BichonProvince/BorderVillage/5.txt:8:Eliminate 10 {Deer/Crimson} and {Scarecrow's/Crimson}. | Envir/Quests/BichonProvince/BorderVillage/5.txt:14:Scarecrow 10"
"Monster"	"493"	"SinseokMiner"	"2"	"2"	"Envir/NPCs,Envir/Todo+Fixed List.txt"	"High"	"Envir/NPCs/WhiteValley/SnowMonument.txt:12:CHECKEXACTMON SinseokMiner >= 1 SnowCave_BOSS | Envir/Todo+Fixed List.txt:75:SinseokMiner"
"Monster"	"484"	"SnowWolf"	"2"	"2"	"Configs,Envir/Todo+Fixed List.txt"	"Medium"	"Configs/Setup.ini:93:SnowWolfKingMob=SnowWolf | Envir/Todo+Fixed List.txt:66:SnowWolf"
"Monster"	"459"	"StainHammerCat"	"2"	"2"	"Configs,Envir/Todo+Fixed List.txt"	"Medium"	"Configs/Setup.ini:86:GeneralMeowMeowMob1=StainHammerCat | Envir/Todo+Fixed List.txt:41:StainHammerCat"
"Monster"	"461"	"StrayCat"	"2"	"2"	"Configs,Envir/Todo+Fixed List.txt"	"Medium"	"Configs/Setup.ini:88:GeneralMeowMeowMob3=StrayCat | Envir/Todo+Fixed List.txt:43:StrayCat"
"Monster"	"378"	"SwordOma"	"2"	"2"	"Envir/NPCs"	"High"	"Envir/NPCs/BichonProvince/Event/Proceeder40-EM002.txt:717:MonGen SwordOma 1 | Envir/NPCs/BichonProvince/Event/Proceeder41-EM003.txt:837:MonGen SwordOma 1"
"Monster"	"473"	"Tucson"	"2"	"2"	"Envir/Drops,Envir/Todo+Fixed List.txt"	"Medium"	"Envir/Drops/MongchonProvince/Swamp/desktop.ini:2:Tucson.txt=@Tucson,0 | Envir/Todo+Fixed List.txt:55:Tucson"
"Monster"	"466"	"TucsonEgg"	"2"	"2"	"Envir/Drops,Envir/Todo+Fixed List.txt"	"Medium"	"Envir/Drops/MongchonProvince/Swamp/desktop.ini:11:TucsonEgg.txt=@TucsonEgg,0 | Envir/Todo+Fixed List.txt:48:TucsonEgg"
"Monster"	"474"	"TucsonFighter"	"2"	"2"	"Envir/Drops,Envir/Todo+Fixed List.txt"	"Medium"	"Envir/Drops/MongchonProvince/Swamp/desktop.ini:5:TucsonFighter.txt=@TucsonFighter,0 | Envir/Todo+Fixed List.txt:56:TucsonFighter"
"Monster"	"475"	"TucsonMage"	"2"	"2"	"Envir/Drops,Envir/Todo+Fixed List.txt"	"Medium"	"Envir/Drops/MongchonProvince/Swamp/desktop.ini:7:TucsonMage.txt=@TucsonMage,0 | Envir/Todo+Fixed List.txt:57:TucsonMage"
"Monster"	"476"	"TucsonWarrior"	"2"	"2"	"Envir/Drops,Envir/Todo+Fixed List.txt"	"Medium"	"Envir/Drops/MongchonProvince/Swamp/desktop.ini:9:TucsonWarrior.txt=@TucsonWarrior,0 | Envir/Todo+Fixed List.txt:58:TucsonWarrior"
"Monster"	"237"	"VioletKekTal"	"2"	"1"	"Envir/Quests"	"Medium"	"Envir/Quests/WoomyonWoods/Castle-GI/Town/3.txt:8:Eliminate 10 {KekTal/Crimson} and {VioletKekTal/Crimson} | Envir/Quests/WoomyonWoods/Castle-GI/Town/3.txt:14:VioletKekTal 10"
"Monster"	"156"	"WhimperingBee"	"2"	"1"	"Envir/Quests"	"Medium"	"Envir/Quests/MongchonProvince/Bug Cave/1.txt:6:{Specimen/LightSteelBlue} of {WhimperingBee/Crimson} a few days ago, but | Envir/Quests/MongchonProvince/Bug Cave/1.txt:10:Eliminate {WhimperingBee's/Crimson} to collect"
"Monster"	"244"	"WoomaSoldier"	"2"	"2"	"Envir/Quests"	"Medium"	"Envir/Quests/BichonProvince/BichonWall/22.txt:6:Collect 10 {BeefRib/LightSteelBlue} by Killing {WoomaSoldier's/Crimson} | Envir/Quests/WoomyonWoods/Castle-GI/Town/5.txt:14:WoomaSoldier 20"
"Monster"	"248"	"WoomaWarrior"	"2"	"1"	"Envir/Quests"	"Medium"	"Envir/Quests/WoomyonWoods/Castle-GI/Town/7.txt:6:Eliminate 30 {WoomaWarrior's/Crimson} and a | Envir/Quests/WoomyonWoods/Castle-GI/Town/7.txt:12:WoomaWarrior 30"
"Monster"	"108"	"Zombie1"	"2"	"2"	"Envir/Quests"	"Medium"	"Envir/Quests/BichonProvince/BichonWall/15.txt:16:Zombie1 5 | Envir/Quests/BichonProvince/DeadMine/2.txt:13:Zombie1 30"
"Monster"	"205"	"ZumaTaurus"	"2"	"1"	"Envir/NPCs"	"High"	"Envir/NPCs/GM/GM-Teleporter.txt:46:<Oma King Spirit/@OmaKingSpirit> , <Evil Centipede/@EvilCentipede> , <Evil Snake/@EvilSnake> , <Zuma Taurus/@ZumaTaurus> | Envir/NPCs/GM/GM-Teleporter.txt:1095:[@ZumaTaurus]"
"Monster"	"376"	"AxeOma"	"3"	"3"	"Envir/NPCs"	"High"	"Envir/NPCs/BichonProvince/Event/Proceeder30-EM001.txt:742:MonGen AxeOma 1 | Envir/NPCs/BichonProvince/Event/Proceeder40-EM002.txt:804:MonGen AxeOma 1 | Envir/NPCs/BichonProvince/Event/Proceeder41-EM003.txt:838:MonGen AxeOma 1"
"Monster"	"87"	"AxeSkeleton"	"3"	"3"	"Envir/NPCs"	"High"	"Envir/NPCs/BichonProvince/Event/Proceeder30-EM001.txt:351:MonGen AxeSkeleton 1 | Envir/NPCs/BichonProvince/Event/Proceeder40-EM002.txt:351:MonGen AxeSkeleton 1 | Envir/NPCs/BichonProvince/Event/Proceeder41-EM003.txt:351:MonGen AxeSkeleton 1"
"Monster"	"90"	"BoneFighter"	"3"	"3"	"Envir/NPCs"	"High"	"Envir/NPCs/BichonProvince/Event/Proceeder30-EM001.txt:353:MonGen BoneFighter 3 | Envir/NPCs/BichonProvince/Event/Proceeder40-EM002.txt:353:MonGen BoneFighter 3 | Envir/NPCs/BichonProvince/Event/Proceeder41-EM003.txt:353:MonGen BoneFighter 3"
"Monster"	"92"	"BoneWarrior"	"3"	"3"	"Envir/NPCs"	"High"	"Envir/NPCs/BichonProvince/Event/Proceeder30-EM001.txt:352:MonGen BoneWarrior 1 | Envir/NPCs/BichonProvince/Event/Proceeder40-EM002.txt:352:MonGen BoneWarrior 2 | Envir/NPCs/BichonProvince/Event/Proceeder41-EM003.txt:352:MonGen BoneWarrior 2"
"Monster"	"288"	"CursedShaman"	"3"	"3"	"Envir/NPCs"	"High"	"Envir/NPCs/BichonProvince/Event/Proceeder30-EM001.txt:381:MonGen CursedShaman 1 | Envir/NPCs/BichonProvince/Event/Proceeder40-EM002.txt:381:MonGen CursedShaman 2 | Envir/NPCs/BichonProvince/Event/Proceeder41-EM003.txt:381:MonGen CursedShaman 3"
"Monster"	"410"	"DreamDevourer"	"3"	"1"	"Envir/Quests"	"Medium"	"Envir/Quests/WasteLand/Red Cave/2.txt:4:in {RedCave/Yellow} The monsters {DreamDevourer/Crimson} | Envir/Quests/WasteLand/Red Cave/2.txt:11:Travel to {RedCave/Yellow} and Eliminate 3 {DreamDevourer/Crimson} | Envir/Quests/WasteLand/Red Cave/2.txt:17:DreamDevourer 3"
"Monster"	"164"	"EvilCentipede"	"3"	"2"	"Envir/NPCs"	"High"	"Envir/NPCs/BichonProvince/Event/Proceeder40-EM002.txt:860:MonGen EvilCentipede 1 | Envir/NPCs/GM/GM-Teleporter.txt:46:<Oma King Spirit/@OmaKingSpirit> , <Evil Centipede/@EvilCentipede> , <Evil Snake/@EvilSnake> , <Zuma Taurus/@ZumaTaurus> | Envir/NPCs/GM/GM-Teleporter.txt:1089:[@EvilCentipede]"
"Monster"	"118"	"Ghoul"	"3"	"2"	"Envir/NPCs"	"High"	"Envir/NPCs/BichonProvince/Event/Proceeder41-EM003.txt:443:MonGen Ghoul 1 | Envir/NPCs/GM/GM-Teleporter.txt:38:<Black Dragon Dungeon/@BlackDragonDungeon> , <Ghoul Cave/@GhoulCave> , <Mystery Cave/@MysteryCave> , | Envir/NPCs/GM/GM-Teleporter.txt:303://////////////////////////////////////////////////////////////////// Ghoul Cave"
"Monster"	"282"	"KingHog"	"3"	"2"	"Envir/NPCs"	"High"	"Envir/NPCs/BichonProvince/Event/Proceeder40-EM002.txt:888:MonGen KingHog 1 | Envir/NPCs/GM/GM-Teleporter.txt:47:<Great Fox Spirit/@GreatFoxSpirit> , <Wooma Taurus/@WoomaTaurus> , <King Scorpion/@KingScorpion> , <King Hog/@KingHog> | Envir/NPCs/GM/GM-Teleporter.txt:1107:[@KingHog]"
"Monster"	"281"	"KingScorpion"	"3"	"2"	"Envir/NPCs"	"High"	"Envir/NPCs/BichonProvince/Event/Proceeder41-EM003.txt:895:MonGen KingScorpion 1 | Envir/NPCs/GM/GM-Teleporter.txt:47:<Great Fox Spirit/@GreatFoxSpirit> , <Wooma Taurus/@WoomaTaurus> , <King Scorpion/@KingScorpion> , <King Hog/@KingHog> | Envir/NPCs/GM/GM-Teleporter.txt:1104:[@KingScorpion]"
"Monster"	"361"	"Minotaur"	"3"	"2"	"Envir/NPCs,Envir/Quests"	"Medium"	"Envir/NPCs/GM/GM-Teleporter.txt:48:<Dark Devil/@DarkDevil> , <Red Moon Evil/@RedMoonEvil> , <Minotaur King/@MinotaurKing> | Envir/Quests/PrajnaIsland/PranjaTemple/1.txt:5:{Minotaur's/Crimson}. | Envir/Quests/PrajnaIsland/PranjaTemple/1.txt:10:Minotaur 30"
"Monster"	"77"	"SandWorm"	"3"	"3"	"Envir/NPCs"	"High"	"Envir/NPCs/BichonProvince/Event/Proceeder30-EM001.txt:412:MonGen SandWorm 3 | Envir/NPCs/BichonProvince/Event/Proceeder40-EM002.txt:412:MonGen SandWorm 3 | Envir/NPCs/BichonProvince/Event/Proceeder41-EM003.txt:412:MonGen SandWorm 3"
"Monster"	"130"	"ShamanZombie"	"3"	"3"	"Envir/NPCs"	"High"	"Envir/NPCs/BichonProvince/Event/Proceeder30-EM001.txt:383:MonGen ShamanZombie 1 | Envir/NPCs/BichonProvince/Event/Proceeder40-EM002.txt:383:MonGen ShamanZombie 2 | Envir/NPCs/BichonProvince/Event/Proceeder41-EM003.txt:383:MonGen ShamanZombie 2"
"Monster"	"229"	"SpiderFrog"	"3"	"2"	"Envir/Quests"	"Medium"	"Envir/Quests/BichonProvince/BichonWall/20.txt:9:Eliminate 25 {SpiderFrog's/Crimson} in {InsectCave/Yellow} | Envir/Quests/BichonProvince/BichonWall/20.txt:14:SpiderFrog 25 | Envir/Quests/WoomyonWoods/Wilderness/InsectCave/3.txt:7:Kill {SpiderFrog's/Crimson} and collect {BluJadeNecklace/LightSteelBlue}."
"Monster"	"253"	"WoomaGuardian"	"3"	"3"	"Envir/NPCs,Envir/Quests"	"High"	"Envir/NPCs/BichonProvince/Event/Proceeder30-EM001.txt:826:MonGen WoomaGuardian 1 | Envir/NPCs/BichonProvince/Event/Proceeder41-EM003.txt:593:MonGen WoomaGuardian 1 | Envir/Quests/WoomyonWoods/Castle-GI/Town/7.txt:13:WoomaGuardian 1"
"NPC"	"182"	"Ashes"	"1"	"1"	"Envir/SET [].txt"	"Low"	"Envir/SET [].txt:27:[524] = Ashes, Quest {Lost Soul}"
"NPC"	"161"	"CraftsLady_Louise"	"1"	"1"	"Envir/Quests"	"Medium"	"Envir/Quests/PrajnaIsland/PIVillage/5.txt:29:// Hand In - CraftsLady_Louise 3 299 371"
"NPC"	"275"	"GM_Manager"	"1"	"1"	"Envir/NPCs"	"Medium"	"Envir/NPCs/GM/new 4.txt:11:-Rebirth Panel added to GM_Manager in r001."
"NPC"	"300"	"GM_Teleporter"	"1"	"1"	"Envir/NPCs"	"Medium"	"Envir/NPCs/GM/new 4.txt:12:-GM_Teleporter has had a huge rework."
"NPC"	"68"	"Merchant_Hans"	"1"	"1"	"Envir/Quests"	"Medium"	"Envir/Quests/BichonProvince/BichonWall/22.txt:29:// Hand In - Merchant_Hans 1 328 86"
"NPC"	"93"	"Merchant_Janey"	"1"	"1"	"Envir/Quests"	"Medium"	"Envir/Quests/WoomyonWoods/TaoistVillage/TreePath/1.txt:28:// Hand In - Merchant_Janey 1006 9 10"
"NPC"	"80"	"Merchant_Jim"	"1"	"1"	"Envir/Quests"	"Medium"	"Envir/Quests/WoomyonWoods/Castle-GI/Town/1.txt:31:// Hand In - Merchant_Jim 4 244 188"
"NPC"	"157"	"Merchant_Rachel"	"1"	"1"	"Envir/Quests"	"Medium"	"Envir/Quests/MongchonProvince/Bug Cave/5.txt:34:// Hand In - Merchant_Rachel 0158 4 21"
"NPC"	"9"	"Merchant_Ruben"	"1"	"1"	"Envir/Quests"	"Medium"	"Envir/Quests/BichonProvince/BorderVillage/22.txt:28:// Hand In - Merchant_Ruben 0 288 608"
"NPC"	"133"	"MirGuide_James"	"1"	"1"	"Envir/Quests"	"Medium"	"Envir/Quests/MongchonProvince/SabukWall/3.txt:24:// Pickup - MirGuide_James 2 505 483"
"NPC"	"246"	"Monument"	"1"	"1"	"Envir/NPCs"	"Medium"	"Envir/NPCs/WhiteValley/SnowMonument.txt:3:An Monument which read's"
"NPC"	"140"	"OldSkull"	"1"	"1"	"Envir/Quests"	"Medium"	"Envir/Quests/SerpentValley/Village/14.txt:26:// Pickup - OldSkull D422 97 320"
"NPC"	"53"	"Sir_Mogu"	"1"	"1"	"Envir/Quests"	"Medium"	"Envir/Quests/WoomyonWoods/TaoistVillage/Tao Village/13.txt:27:// Hand In - Sir_Mogu 0101 8 12"
"NPC"	"23"	"Teleport_Harrison"	"1"	"1"	"Envir/Quests"	"Medium"	"Envir/Quests/BichonProvince/BichonWall/23.txt:27:// Pickup - Teleport_Harrison 0 291 296"
"NPC"	"146"	"Transport_Edwin"	"1"	"1"	"Envir/Quests"	"Medium"	"Envir/Quests/BichonProvince/BichonWall/23.txt:28:// Hand In - Transport_Edwin 3 365 340"
"NPC"	"119"	"BrokenCarriage"	"2"	"2"	"Envir/Quests"	"Medium"	"Envir/Quests/WoomyonWoods/TaoistVillage/Tao Village/5.txt:27:// Hand In - BrokenCarriage 11 103 391 | Envir/Quests/WoomyonWoods/TaoistVillage/Tao Village/6.txt:25:// Pickup - BrokenCarriage 11 103 391"
"NPC"	"4"	"CraftsLady_Jude"	"2"	"2"	"Envir/Quests"	"Medium"	"Envir/Quests/BichonProvince/BorderVillage/1.txt:29:// Hand In - CraftsLady_Jude 0 294 619 | Envir/Quests/BichonProvince/BorderVillage/2.txt:31:// Pickup - CraftsLady_Jude 0 294 619"
"NPC"	"122"	"CrushedBones"	"2"	"2"	"Envir/Quests"	"Medium"	"Envir/Quests/WoomyonWoods/TaoistVillage/Tao Village/11.txt:27:// Hand In - CrushedBones 12 36 368 | Envir/Quests/WoomyonWoods/TaoistVillage/Tao Village/12.txt:27:// Pickup - CrushedBones 12 36 368"
"NPC"	"117"	"Investigator_David"	"2"	"1"	"Envir/Quests"	"Medium"	"Envir/Quests/WoomyonWoods/TaoistVillage/TreePath/2.txt:26:// Pickup - Investigator_David 11 182 295 | Envir/Quests/WoomyonWoods/TaoistVillage/TreePath/2.txt:27:// Hand In - Investigator_David 11 182 295"
"NPC"	"97"	"Master_Perry"	"2"	"2"	"Envir/Quests"	"Medium"	"Envir/Quests/HolySword/1.txt:33:// Hand In - Master_Perry 1002 14 13 | Envir/Quests/HolySword/2.txt:26:// Pickup - Master_Perry 1002 14 13"
"NPC"	"116"	"MasterMK_Deric"	"2"	"1"	"Envir/Quests"	"Medium"	"Envir/Quests/WoomyonWoods/TaoistVillage/Tao Village/3.txt:28:// Pickup - MasterMK_Deric 11 165 296 | Envir/Quests/WoomyonWoods/TaoistVillage/Tao Village/3.txt:29:// Hand In - MasterMK_Deric 11 165 296"
"NPC"	"145"	"Merchant_Daniel"	"2"	"1"	"Envir/Quests"	"Medium"	"Envir/Quests/MongchonProvince/Bug Cave/1.txt:31:// Pickup - Merchant_Daniel 3 361 335 | Envir/Quests/MongchonProvince/Bug Cave/1.txt:32:// Hand In - Merchant_Daniel 3 361 335"
"NPC"	"89"	"Merchant_Jerald"	"2"	"1"	"Envir/Quests"	"Medium"	"Envir/Quests/WoomyonWoods/TaoistVillage/Tao Village/8.txt:27:// Pickup - Merchant_Jerald 1001 14 12 | Envir/Quests/WoomyonWoods/TaoistVillage/Tao Village/8.txt:28:// Hand In - Merchant_Jerald 1001 14 12"
"NPC"	"143"	"Merchant_Kevin"	"2"	"1"	"Envir/Quests"	"Medium"	"Envir/Quests/MongchonProvince/StoneTomb/6.txt:27:// Pickup - Merchant_Kevin 3 346 334 | Envir/Quests/MongchonProvince/StoneTomb/6.txt:28:// Hand In - Merchant_Kevin 3 346 334"
"NPC"	"148"	"MudWall_Board"	"2"	"1"	"Envir/Quests"	"Medium"	"Envir/Quests/MongchonProvince/MudWall/Board/1.txt:29:// Pickup - MudWall_Board 3 330 325 | Envir/Quests/MongchonProvince/MudWall/Board/1.txt:30:// Hand In - MudWall_Board 3 330 325"
"NPC"	"66"	"OldSkeleton"	"2"	"2"	"Envir/Quests"	"Medium"	"Envir/Quests/BichonProvince/BichonWall/21.txt:30:// Pickup - OldSkeleton D404 104 101 | Envir/Quests/BichonProvince/DeadMine/1.txt:39:// Hand In - OldSkeleton D404 104 101"
"NPC"	"141"	"SkeletonPile"	"2"	"2"	"Envir/Quests"	"Medium"	"Envir/Quests/SerpentValley/Serpent Mines/5.txt:28:// Hand In - SkeletonPile D422 220 89 | Envir/Quests/SerpentValley/Serpent Mines/6.txt:26:// Pickup - SkeletonPile D2422 220 89"
"NPC"	"54"	"SubjagationManager_James"	"2"	"2"	"Envir/Quests"	"Medium"	"Envir/Quests/MongchonProvince/MudWall/1.txt:32:// Hand In - SubjagationManager_James 0 343 182 | Envir/Quests/WoomyonWoods/Castle-GI/Town/4.txt:27:// Pickup - SubjagationManager_James 0 343 182"
"NPC"	"104"	"TrainerTaoist"	"2"	"2"	"Envir/Quests,Envir/SET [].txt"	"High"	"Envir/Quests/HolySword/1.txt:19:527 ""Speak with the TrainerTaoist"" | Envir/SET [].txt:30:[527] = TrainerTaoist, Quest {HolySword Quest}"
"NPC"	"111"	"TrainerTaoist"	"2"	"2"	"Envir/Quests,Envir/SET [].txt"	"High"	"Envir/Quests/HolySword/1.txt:19:527 ""Speak with the TrainerTaoist"" | Envir/SET [].txt:30:[527] = TrainerTaoist, Quest {HolySword Quest}"
"NPC"	"137"	"VulnerableSon_Alfie"	"2"	"1"	"Envir/Quests"	"Medium"	"Envir/Quests/SerpentValley/Serpent Mines/1.txt:28:// Pickup - VulnerableSon_Alfie 2 562 172 | Envir/Quests/SerpentValley/Serpent Mines/1.txt:29:// Hand In - VulnerableSon_Alfie 2 562 172"
"NPC"	"163"	"InnKeeper_Robin"	"3"	"2"	"Envir/Quests"	"Medium"	"Envir/Quests/SerpentValley/Serpent Mines/4.txt:32:// Pickup - InnKeeper_Robin 0146 5 10 | Envir/Quests/SerpentValley/Serpent Mines/4.txt:33:// Hand In - InnKeeper_Robin 0146 5 10 | Envir/Quests/SerpentValley/Village/14.txt:27:// Hand In - InnKeeper_Robin 0146 5 10"
"NPC"	"7"	"Merchant_John"	"3"	"2"	"Envir/Quests"	"Medium"	"Envir/Quests/BichonProvince/BorderVillage/3.txt:30:// Hand In - Merchant_John 0 292 604 | Envir/Quests/BichonProvince/BorderVillage/4.txt:30:// Pickup - Merchant_John 0 292 604 | Envir/Quests/BichonProvince/BorderVillage/4.txt:31:// Hand In - Merchant_John 0 292 604"
"NPC"	"92"	"Merchant_Sam"	"3"	"2"	"Envir/Quests"	"Medium"	"Envir/Quests/SerpentValley/Village/15.txt:30:// Hand In - Merchant_Sam 1003 13 16 | Envir/Quests/WoomyonWoods/TaoistVillage/Tao Village/2.txt:30:// Pickup - Merchant_Sam 1003 13 16 | Envir/Quests/WoomyonWoods/TaoistVillage/Tao Village/2.txt:31:// Hand In - Merchant_Sam 1003 13 16"
"NPC"	"25"	"Merchant_Sarah"	"3"	"2"	"Envir/Quests"	"Medium"	"Envir/Quests/BichonProvince/BichonWall/17.txt:28:// Pickup - Merchant_Sarah 0 313 271 | Envir/Quests/BichonProvince/BichonWall/17.txt:29:// Hand In - Merchant_Sarah 0 313 271 | Envir/Quests/WoomyonWoods/Wilderness/3.txt:32:// Hand In - Merchant_Sarah 0 313 271"
"NPC"	"175"	"Merchant_Sarah"	"3"	"2"	"Envir/Quests"	"Medium"	"Envir/Quests/BichonProvince/BichonWall/17.txt:28:// Pickup - Merchant_Sarah 0 313 271 | Envir/Quests/BichonProvince/BichonWall/17.txt:29:// Hand In - Merchant_Sarah 0 313 271 | Envir/Quests/WoomyonWoods/Wilderness/3.txt:32:// Hand In - Merchant_Sarah 0 313 271"
"NPC"	"249"	"MissRe"	"3"	"3"	"Envir/NPCs"	"Medium"	"Envir/NPCs/BichonProvince/Event/MissDo-EM000.txt:54:Try one of my sisters, MissRe or MissMi | Envir/NPCs/BichonProvince/Event/MissMi-EM000.txt:54:Try one of my sisters, MissRe or MissMi | Envir/NPCs/BichonProvince/Event/MissRe-EM000.txt:54:Try one of my sisters, MissRe or MissMi"
"NPC"	"52"	"MongchonScout_Brian"	"3"	"3"	"Envir/Quests"	"Medium"	"Envir/Quests/BichonProvince/BichonWall/5.txt:28:// Hand In - MongchonScout_Brian 0100 4 10 | Envir/Quests/SerpentValley/Village/6.txt:28:// Pickup - MongchonScout_Brian 0100 4 10 | Envir/Quests/SerpentValley/Village/8.txt:29:// Hand In - MongchonScout_Brian 0100 4 10"
"NPC"	"22"	"Teleport_Jason"	"3"	"2"	"Envir/Quests"	"Medium"	"Envir/Quests/BichonProvince/1.txt:24:// Pickup - Teleport_Jason 0 292 216 | Envir/Quests/BichonProvince/BichonWall/11.txt:32:// Pickup - Teleport_Jason 0 292 216 | Envir/Quests/BichonProvince/BichonWall/11.txt:33:// Hand In - Teleport_Jason 0 292 216"
