ItemCandidate	1	Name	SpiritBlade
ItemCandidate	2	Name	SpiritBlade1
ItemCandidate	3	Name	SpiritBlade2
ItemCandidate	4	Name	SpiritBlade3
ItemCandidate	5	Name	SpiritBlade4
ItemCandidate	6	Name	SpiritBlade5
ItemCandidate	7	Name	SpiritHelmet
ItemCandidate	8	Name	SpiritNecklace
ItemCandidate	9	Name	SpiritBracelet
ItemCandidate	10	Name	SpiritRing
ItemCandidate	11	Name	RecallHelmet
ItemCandidate	12	Name	RecallNecklace
ItemCandidate	13	Name	RecallBracelet
ItemCandidate	14	Name	RecallRing
ItemCandidate	15	Name	RedOrchidNecklace
ItemCandidate	16	Name	RedOrchidBracelet
ItemCandidate	17	Name	RedOrchidRing
ItemCandidate	18	Name	RedFlowerNecklace
ItemCandidate	19	Name	RedFlowerBracelet
ItemCandidate	20	Name	RedFlowerRing
ItemCandidate	21	Name	SmashPendulum
ItemCandidate	22	Name	SmashWheel
ItemCandidate	23	Name	SmashRing
ItemCandidate	24	Name	HwanDevilNecklace
ItemCandidate	25	Name	HwanDevilBracelet
ItemCandidate	26	Name	HwanDevilRing
ItemCandidate	27	Name	PurityNecklace
ItemCandidate	28	Name	PurityBracelet
ItemCandidate	29	Name	PurityRing
ItemCandidate	30	Name	FiveStringNecklace
ItemCandidate	31	Name	FiveStringBracelet
ItemCandidate	32	Name	FiveStringRing
ItemCandidate	33	Name	MundaneGlove
ItemCandidate	34	Name	MundaneRing
ItemCandidate	35	Name	NokChiWheel
ItemCandidate	36	Name	NokChiRing
ItemCandidate	37	Name	TaoProtectBracelet
ItemCandidate	38	Name	TaoProtectRing
ItemCandidate	39	Name	MirSword
ItemCandidate	40	Name	MirSword1
ItemCandidate	41	Name	MirSword2
ItemCandidate	42	Name	MirSword3
ItemCandidate	43	Name	MirSword4
ItemCandidate	44	Name	MirSword5
ItemCandidate	45	Name	MirArmour(M)
ItemCandidate	46	Name	MirArmour(M)1
ItemCandidate	47	Name	MirArmour(M)2
ItemCandidate	48	Name	MirArmour(M)3
ItemCandidate	49	Name	MirArmour(M)4
ItemCandidate	50	Name	MirArmour(M)5
ItemCandidate	51	Name	MirArmour(F)
ItemCandidate	52	Name	MirArmour(F)1
ItemCandidate	53	Name	MirArmour(F)2
ItemCandidate	54	Name	MirArmour(F)3
ItemCandidate	55	Name	MirArmour(F)4
ItemCandidate	56	Name	MirArmour(F)5
ItemCandidate	57	Name	MirHelmet
ItemCandidate	58	Name	MirHelmet1
ItemCandidate	59	Name	MirHelmet2
ItemCandidate	60	Name	MirHelmet3
ItemCandidate	61	Name	MirHelmet4
ItemCandidate	62	Name	MirHelmet5
ItemCandidate	63	Name	MirNecklace
ItemCandidate	64	Name	MirNecklace1
ItemCandidate	65	Name	MirNecklace2
ItemCandidate	66	Name	MirNecklace3
ItemCandidate	67	Name	MirNecklace4
ItemCandidate	68	Name	MirNecklace5
ItemCandidate	69	Name	MirWheel
ItemCandidate	70	Name	MirWheel1
ItemCandidate	71	Name	MirWheel2
ItemCandidate	72	Name	MirWheel3
ItemCandidate	73	Name	MirWheel4
ItemCandidate	74	Name	MirWheel5
ItemCandidate	75	Name	MirRing
ItemCandidate	76	Name	MirRing1
ItemCandidate	77	Name	MirRing2
ItemCandidate	78	Name	MirRing3
ItemCandidate	79	Name	MirRing4
ItemCandidate	80	Name	MirRing5
ItemCandidate	81	Name	MirBelt
ItemCandidate	82	Name	MirBoots
ItemCandidate	83	Name	BoneDecapitator
ItemCandidate	84	Name	BoneRobe(M)
ItemCandidate	85	Name	BoneRobe(F)
ItemCandidate	86	Name	BoneHood
ItemCandidate	87	Name	BugNecklace
ItemCandidate	88	Name	BugBracelet
ItemCandidate	89	Name	BugRing
ItemCandidate	90	Name	WhiteGoldBelt
ItemCandidate	91	Name	WhiteGoldShoes
ItemCandidate	92	Name	WhiteGoldNecklace
ItemCandidate	93	Name	WhiteGoldBracelet
ItemCandidate	94	Name	WhiteGoldRing
ItemCandidate	95	Name	WhiteGoldBelt(H)
ItemCandidate	96	Name	WhiteGoldShoes(H)
ItemCandidate	97	Name	WhiteGoldNecklace(H)
ItemCandidate	98	Name	WhiteGoldBracelet(H)
ItemCandidate	99	Name	WhiteGoldRing(H)
ItemCandidate	100	Name	RedJadeBelt
ItemCandidate	101	Name	RedJadeShoes
ItemCandidate	102	Name	RedJadeNecklace
ItemCandidate	103	Name	RedJadeBracelet
ItemCandidate	104	Name	RedJadeRing
ItemCandidate	105	Name	RedJadeBelt(H)
ItemCandidate	106	Name	RedJadeShoes(H)
ItemCandidate	107	Name	RedJadeNecklace(H)
ItemCandidate	108	Name	RedJadeBracelet(H)
ItemCandidate	109	Name	RedJadeRing(H)
ItemCandidate	110	Name	NephriteBelt
ItemCandidate	111	Name	NephriteShoes
ItemCandidate	112	Name	NephriteNecklace
ItemCandidate	113	Name	NephriteBracelet
ItemCandidate	114	Name	NephriteRing
ItemCandidate	115	Name	NephriteBelt(H)
ItemCandidate	116	Name	NephriteShoes(H)
ItemCandidate	117	Name	NephriteNecklace(H)
ItemCandidate	118	Name	NephriteBracelet(H)
ItemCandidate	119	Name	NephriteRing(H)
ItemCandidate	120	Name	MysteryHelmet
ItemCandidate	121	Name	MysteryWheel
ItemCandidate	122	Name	MysteryCircle
ItemCandidate	123	Name	MysteryWater
ItemCandidate	124	Name	BootsOfStrength1
ItemCandidate	125	Name	BeltOfStrength1
ItemCandidate	126	Name	BootsOfStrength2
ItemCandidate	127	Name	BeltOfStrength2
ItemCandidate	128	Name	BootsOfStrength3
ItemCandidate	129	Name	BeltOfStrength3
ItemCandidate	130	Name	BootsOfStrength4
ItemCandidate	131	Name	BeltOfStrength4
ItemCandidate	132	Name	BootsOfStrength5
ItemCandidate	133	Name	BeltOfStrength5
ItemCandidate	134	Name	TarragonHelmet
ItemCandidate	135	Name	TarragonBoots
ItemCandidate	136	Name	TarragonBracelet
ItemCandidate	137	Name	TarragonRing
ItemCandidate	138	Name	TarragonBelt
ItemCandidate	139	Name	TarragonNecklace
ItemCandidate	140	Name	TarragonArmour(M)
ItemCandidate	141	Name	TarragonArmour(M)1
ItemCandidate	142	Name	TarragonArmour(M)2
ItemCandidate	143	Name	TarragonArmour(M)3
ItemCandidate	144	Name	TarragonArmour(M)4
ItemCandidate	145	Name	TarragonArmour(M)5
ItemCandidate	146	Name	TarragonArmour(F)
ItemCandidate	147	Name	TarragonArmour(F)1
ItemCandidate	148	Name	TarragonArmour(F)2
ItemCandidate	149	Name	TarragonArmour(F)3
ItemCandidate	150	Name	TarragonArmour(F)4
ItemCandidate	151	Name	TarragonArmour(F)5
ItemCandidate	152	Name	RaidersArmour(M)
ItemCandidate	153	Name	RaidersArmour(M)1
ItemCandidate	154	Name	RaidersArmour(M)2
ItemCandidate	155	Name	RaidersArmour(M)3
ItemCandidate	156	Name	RaidersArmour(M)4
ItemCandidate	157	Name	RaidersArmour(M)5
ItemCandidate	158	Name	RaidersArmour(F)
ItemCandidate	159	Name	RaidersArmour(F)1
ItemCandidate	160	Name	RaidersArmour(F)2
ItemCandidate	161	Name	RaidersArmour(F)3
ItemCandidate	162	Name	RaidersArmour(F)4
ItemCandidate	163	Name	RaidersArmour(F)5
ItemCandidate	164	Name	RaidersHelmet
ItemCandidate	165	Name	RaidersHelmet1
ItemCandidate	166	Name	RaidersHelmet2
ItemCandidate	167	Name	RaidersHelmet3
ItemCandidate	168	Name	RaidersHelmet4
ItemCandidate	169	Name	RaidersHelmet5
ItemCandidate	170	Name	RaidersGlove
ItemCandidate	171	Name	RaidersGlove1
ItemCandidate	172	Name	RaidersGlove2
ItemCandidate	173	Name	RaidersGlove3
ItemCandidate	174	Name	RaidersGlove4
ItemCandidate	175	Name	RaidersGlove5
ItemCandidate	176	Name	RaidersBoots
ItemCandidate	177	Name	RaidersBoots1
ItemCandidate	178	Name	RaidersBoots2
ItemCandidate	179	Name	RaidersBoots3
ItemCandidate	180	Name	RaidersBoots4
ItemCandidate	181	Name	RaidersBoots5
ItemCandidate	182	Name	NecklaceOfAgony
ItemCandidate	183	Name	NecklaceOfAgony1
ItemCandidate	184	Name	NecklaceOfAgony2
ItemCandidate	185	Name	NecklaceOfAgony3
ItemCandidate	186	Name	NecklaceOfAgony4
ItemCandidate	187	Name	NecklaceOfAgony5
ItemCandidate	188	Name	RingOfAgony
ItemCandidate	189	Name	RingOfAgony1
ItemCandidate	190	Name	RingOfAgony2
ItemCandidate	191	Name	RingOfAgony3
ItemCandidate	192	Name	RingOfAgony4
ItemCandidate	193	Name	RingOfAgony5
ItemCandidate	194	Name	BraceletOfAgony
ItemCandidate	195	Name	BraceletOfAgony1
ItemCandidate	196	Name	BraceletOfAgony2
ItemCandidate	197	Name	BraceletOfAgony3
ItemCandidate	198	Name	BraceletOfAgony4
ItemCandidate	199	Name	BraceletOfAgony5
ItemCandidate	200	Name	SparklingHelmet
ItemCandidate	201	Name	SparklingBelt
ItemCandidate	202	Name	SparklingBoots
ItemCandidate	203	Name	HelmetOfDarkness
ItemCandidate	204	Name	BeltOfDarkness
ItemCandidate	205	Name	BootsOfDarkness
ItemCandidate	206	Name	CheongboHelmet(WAR)
ItemCandidate	207	Name	CheongboBelt(WAR)
ItemCandidate	208	Name	CheongboBoots(WAR)
ItemCandidate	209	Name	CheongboHelmet(WIZ)
ItemCandidate	210	Name	CheongboBelt(WIZ)
ItemCandidate	211	Name	CheongboBoots(WIZ)
ItemCandidate	212	Name	CheongboHelmet(TAO)
ItemCandidate	213	Name	CheongboBelt(TAO)
ItemCandidate	214	Name	CheongboBoots(TAO)
ItemCandidate	215	Name	CheongboHelmet(ASSA)
ItemCandidate	216	Name	CheongboBelt(ASSA)
ItemCandidate	217	Name	CheongboBoots(ASSA)
ItemCandidate	218	Name	CheongboHelmet(ARCH)
ItemCandidate	219	Name	CheongboBelt(ARCH)
ItemCandidate	220	Name	CheongboBoots(ARCH)
ItemCandidate	221	Name	WoodenSword
ItemCandidate	222	Name	Dagger
ItemCandidate	223	Name	EbonySword
ItemCandidate	224	Name	BronzeSword
ItemCandidate	225	Name	ShortSword
ItemCandidate	226	Name	IronSword
ItemCandidate	227	Name	BronzeAxe
ItemCandidate	228	Name	SteelAxe
ItemCandidate	229	Name	SteelSword
ItemCandidate	230	Name	PrinceDagger
ItemCandidate	231	Name	FireBloodSword
ItemCandidate	232	Name	HellYamaBlade
ItemCandidate	233	Name	HellYamaBlade1
ItemCandidate	234	Name	HellYamaBlade2
ItemCandidate	235	Name	HellYamaBlade3
ItemCandidate	236	Name	HellYamaBlade4
ItemCandidate	237	Name	HellYamaBlade5
ItemCandidate	238	Name	HookedSword
ItemCandidate	239	Name	MartialSword
ItemCandidate	240	Name	PowerAxe
ItemCandidate	241	Name	PurifierSword
ItemCandidate	242	Name	GreatAxe
ItemCandidate	243	Name	ZumaJudgementMace
ItemCandidate	244	Name	JudgementMace
ItemCandidate	245	Name	DragonSword
ItemCandidate	246	Name	BlackDragonSlayer
ItemCandidate	247	Name	WarSpiritBlade
ItemCandidate	248	Name	DragonSlayer
ItemCandidate	249	Name	SwordOfWarGod
ItemCandidate	250	Name	BurstSword
ItemCandidate	251	Name	FrozenSabre
ItemCandidate	252	Name	BlackTigerHammer
ItemCandidate	253	Name	BarbarianSword
ItemCandidate	254	Name	Trident
ItemCandidate	255	Name	HookedSpear
ItemCandidate	256	Name	MageStaff
ItemCandidate	257	Name	BloodStealerSword
ItemCandidate	258	Name	ZumaWarMageStaff
ItemCandidate	259	Name	WarMageStaff
ItemCandidate	260	Name	BlackDragonStaff
ItemCandidate	261	Name	MagicScythe
ItemCandidate	262	Name	DragonStaff
ItemCandidate	263	Name	BladeOfSorcery
ItemCandidate	264	Name	HolyBloodSpear
ItemCandidate	265	Name	ConquerorSpear
ItemCandidate	266	Name	StaffOfLotus
ItemCandidate	267	Name	RawSword
ItemCandidate	268	Name	Scimitar
ItemCandidate	269	Name	KrissSword
ItemCandidate	270	Name	SerpentSword
ItemCandidate	271	Name	ZumaSoulSpringWand
ItemCandidate	272	Name	SoulSpringWand
ItemCandidate	273	Name	BlackDragonSoulSabre
ItemCandidate	274	Name	StoneBambooFan
ItemCandidate	275	Name	SoulSabre
ItemCandidate	276	Name	HeavenSword
ItemCandidate	277	Name	DragonBloodSword
ItemCandidate	278	Name	BastardSword
ItemCandidate	279	Name	FanOfCrane
ItemCandidate	280	Name	BoneCarvedFan
ItemCandidate	281	Name	HoaSword
ItemCandidate	282	Name	ToughHoaSword
ItemCandidate	283	Name	SharpHoaSword
ItemCandidate	284	Name	BladesOfVelocity
ItemCandidate	285	Name	IronBlades
ItemCandidate	286	Name	DoubleBlades
ItemCandidate	287	Name	ZumaBlades
ItemCandidate	288	Name	BladesOfDarkness
ItemCandidate	289	Name	Dragon'sRoyalBlades
ItemCandidate	290	Name	FreezingBlades
ItemCandidate	291	Name	RoyalBlades
ItemCandidate	292	Name	BladesOfMagi
ItemCandidate	293	Name	Stiletto
ItemCandidate	294	Name	ZincBlades
ItemCandidate	295	Name	ButcheringBlades
ItemCandidate	296	Name	TheRipper
ItemCandidate	297	Name	MadDragonBlades
ItemCandidate	298	Name	WoodenBow
ItemCandidate	299	Name	EbonyBow
ItemCandidate	300	Name	ShortBow
ItemCandidate	301	Name	BoneBow
ItemCandidate	302	Name	CompoundBow
ItemCandidate	303	Name	LongBow
ItemCandidate	304	Name	SilverBow
ItemCandidate	305	Name	ZumaFiendBow
ItemCandidate	306	Name	FiendBow
ItemCandidate	307	Name	CursedMaleficBow
ItemCandidate	308	Name	LitheBow
ItemCandidate	309	Name	MaleficBow
ItemCandidate	310	Name	BowOfForce
ItemCandidate	311	Name	DreadBow
ItemCandidate	312	Name	GrimBow
ItemCandidate	313	Name	LethalBow
ItemCandidate	314	Name	ApusBow
ItemCandidate	315	Name	DeathBow
ItemCandidate	316	Name	BloodThirstyBow
ItemCandidate	317	Name	BaseDress(M)
ItemCandidate	318	Name	BaseDress(F)
ItemCandidate	319	Name	LightArmour(M)
ItemCandidate	320	Name	LightArmour(F)
ItemCandidate	321	Name	MediumArmour(M)
ItemCandidate	322	Name	MediumArmour(F)
ItemCandidate	323	Name	HeavyArmour(M)
ItemCandidate	324	Name	HeavyArmour(F)
ItemCandidate	325	Name	MagicRobe(M)
ItemCandidate	326	Name	MagicRobe(F)
ItemCandidate	327	Name	SoulArmour(M)
ItemCandidate	328	Name	SoulArmour(F)
ItemCandidate	329	Name	RelicArmour(M)
ItemCandidate	330	Name	RelicArmour(F)
ItemCandidate	331	Name	LightLeatherArmour(M)
ItemCandidate	332	Name	LightLeatherArmour(F)
ItemCandidate	333	Name	IronArmour(M)
ItemCandidate	334	Name	IronArmour(F)
ItemCandidate	335	Name	WizardRobe(M)
ItemCandidate	336	Name	WitchRobe(F)
ItemCandidate	337	Name	PearlArmour(M)
ItemCandidate	338	Name	PearlArmour(F)
ItemCandidate	339	Name	AncientArmour(M)
ItemCandidate	340	Name	AncientArmour(F)
ItemCandidate	341	Name	TemperedArmour(M)
ItemCandidate	342	Name	TemperedArmour(F)
ItemCandidate	343	Name	SteelArmour(M)
ItemCandidate	344	Name	SteelArmour(F)
ItemCandidate	345	Name	DragonRobe(M)
ItemCandidate	346	Name	DragonRobe(F)
ItemCandidate	347	Name	TitanArmour(M)
ItemCandidate	348	Name	TitanArmour(F)
ItemCandidate	349	Name	RoyalArmour(M)
ItemCandidate	350	Name	RoyalArmour(F)
ItemCandidate	351	Name	StuddedArmour(M)
ItemCandidate	352	Name	StuddedArmour(F)
ItemCandidate	353	Name	BlackTigerArmour(M)
ItemCandidate	354	Name	BlackTigerArmour(F)
ItemCandidate	355	Name	LotusArmour(M)
ItemCandidate	356	Name	LotusArmour(F)
ItemCandidate	357	Name	CraneArmour(M)
ItemCandidate	358	Name	CraneArmour(F)
ItemCandidate	359	Name	StealthArmour(M)
ItemCandidate	360	Name	StealthArmour(F)
ItemCandidate	361	Name	LightTemperedArmour(M)
ItemCandidate	362	Name	LightTemperedArmour(F)
ItemCandidate	363	Name	BlueDarkArmour(M)
ItemCandidate	364	Name	BlueDarkArmour(F)
ItemCandidate	365	Name	RedDarkArmour(M)
ItemCandidate	366	Name	RedDarkArmour(F)
ItemCandidate	367	Name	GreenDarkArmour(M)
ItemCandidate	368	Name	GreenDarkArmour(F)
ItemCandidate	369	Name	GoldDarkArmour(M)
ItemCandidate	370	Name	GoldDarkArmour(F)
ItemCandidate	371	Name	ScaledArmour(M)
ItemCandidate	372	Name	ScaledArmour(F)
ItemCandidate	373	Name	CrystalArmour(M)
ItemCandidate	374	Name	CrystalArmour(F)
ItemCandidate	375	Name	HeavenArmour(M)
ItemCandidate	376	Name	HeavenArmour(M)1
ItemCandidate	377	Name	HeavenArmour(M)2
ItemCandidate	378	Name	HeavenArmour(M)3
ItemCandidate	379	Name	HeavenArmour(F)
ItemCandidate	380	Name	HeavenArmour(F)1
ItemCandidate	381	Name	HeavenArmour(F)2
ItemCandidate	382	Name	HeavenArmour(F)3
ItemCandidate	383	Name	OmaKingRobe(M)
ItemCandidate	384	Name	OmaKingRobe(M)1
ItemCandidate	385	Name	OmaKingRobe(M)2
ItemCandidate	386	Name	OmaKingRobe(M)3
ItemCandidate	387	Name	OmaKingRobe(M)4
ItemCandidate	388	Name	OmaKingRobe(M)5
ItemCandidate	389	Name	OmaKingRobe(F)
ItemCandidate	390	Name	OmaKingRobe(F)1
ItemCandidate	391	Name	OmaKingRobe(F)2
ItemCandidate	392	Name	OmaKingRobe(F)3
ItemCandidate	393	Name	OmaKingRobe(F)4
ItemCandidate	394	Name	OmaKingRobe(F)5
ItemCandidate	395	Name	ParalysisRing
ItemCandidate	396	Name	TeleportRing
ItemCandidate	397	Name	ClearRing
ItemCandidate	398	Name	ProtectionRing
ItemCandidate	399	Name	RevivalRing
ItemCandidate	400	Name	MuscleRing
ItemCandidate	401	Name	FlameRing
ItemCandidate	402	Name	RecoveryRing
ItemCandidate	403	Name	HardenedRing
ItemCandidate	404	Name	CopperRing
ItemCandidate	405	Name	HexagonalRing
ItemCandidate	406	Name	GlassRing
ItemCandidate	407	Name	HornRing
ItemCandidate	408	Name	IronRing
ItemCandidate	409	Name	WhiteJadeRing
ItemCandidate	410	Name	BlueRing
ItemCandidate	411	Name	GaleRing
ItemCandidate	412	Name	SkeletonRing
ItemCandidate	413	Name	BlackRing
ItemCandidate	414	Name	SerpentEyeRing
ItemCandidate	415	Name	PearlRing
ItemCandidate	416	Name	GoldRing
ItemCandidate	417	Name	CharmRing
ItemCandidate	418	Name	MoralRing
ItemCandidate	419	Name	ExpelRing
ItemCandidate	420	Name	CoralRing
ItemCandidate	421	Name	RubyRing
ItemCandidate	422	Name	PlatinumRing
ItemCandidate	423	Name	DragonRing
ItemCandidate	424	Name	EvilSlayerRing
ItemCandidate	425	Name	JadeSnowRing
ItemCandidate	426	Name	TwinGoldRing
ItemCandidate	427	Name	PowerRing
ItemCandidate	428	Name	VioletRing
ItemCandidate	429	Name	TitanRing
ItemCandidate	430	Name	BoundlessRing
ItemCandidate	431	Name	ThunderRing
ItemCandidate	432	Name	TaeGukRing
ItemCandidate	433	Name	OmaSpiritRing
ItemCandidate	434	Name	NobleRing
ItemCandidate	435	Name	SoulRing
ItemCandidate	436	Name	PledgeRing
ItemCandidate	437	Name	CrimsonRubyRing
ItemCandidate	438	Name	FiveElementRing
ItemCandidate	439	Name	GoldDragonRing
ItemCandidate	440	Name	DemonRubyRing
ItemCandidate	441	Name	EvilExpelRing
ItemCandidate	442	Name	PurpleFoxRing
ItemCandidate	443	Name	RedFoxRing
ItemCandidate	444	Name	BlueFoxRing
ItemCandidate	445	Name	GreatPurpleFoxRing
ItemCandidate	446	Name	GreatRedFoxRing
ItemCandidate	447	Name	GreatBlueFoxRing
ItemCandidate	448	Name	SurvivalRing
ItemCandidate	449	Name	SealRing
ItemCandidate	450	Name	TajiRing
ItemCandidate	451	Name	CraftRing1
ItemCandidate	452	Name	CraftRing2
ItemCandidate	453	Name	CraftRing3
ItemCandidate	454	Name	CraftRing4
ItemCandidate	455	Name	CraftRing5
ItemCandidate	456	Name	CraftRing6
ItemCandidate	457	Name	CraftRing7
ItemCandidate	458	Name	CraftRing8
ItemCandidate	459	Name	CraftRing9
ItemCandidate	460	Name	CraftRing10
ItemCandidate	461	Name	RedDemonRing
ItemCandidate	462	Name	CloudRing
ItemCandidate	463	Name	PoisonRing
ItemCandidate	464	Name	EvilDragonRing
ItemCandidate	465	Name	EvilDragonRing1
ItemCandidate	466	Name	EvilDragonRing2
ItemCandidate	467	Name	EvilDragonRing3
ItemCandidate	468	Name	EvilDragonRing4
ItemCandidate	469	Name	EvilDragonRing5
ItemCandidate	470	Name	RDragonRing
ItemCandidate	471	Name	RDragonRing1
ItemCandidate	472	Name	RDragonRing2
ItemCandidate	473	Name	RDragonRing3
ItemCandidate	474	Name	RDragonRing4
ItemCandidate	475	Name	RDragonRing5
ItemCandidate	476	Name	IronBracelet
ItemCandidate	477	Name	ThinBracelet
ItemCandidate	478	Name	LeatherGlove
ItemCandidate	479	Name	SilverBracelet
ItemCandidate	480	Name	SteelBracelet
ItemCandidate	481	Name	LargeBracelet
ItemCandidate	482	Name	SharpBracelet
ItemCandidate	483	Name	HardGlove
ItemCandidate	484	Name	MagicBracelet
ItemCandidate	485	Name	EvadeBracelet
ItemCandidate	486	Name	EbonyBracelet
ItemCandidate	487	Name	MonkBracelet
ItemCandidate	488	Name	StrainBracelet
ItemCandidate	489	Name	DeathGauntlet
ItemCandidate	490	Name	GoldBracelet
ItemCandidate	491	Name	3rdEyeBracelet
ItemCandidate	492	Name	BronzeGlove
ItemCandidate	493	Name	SpellBracelet
ItemCandidate	494	Name	KnightBracelet
ItemCandidate	495	Name	DragonBracelet
ItemCandidate	496	Name	SoulSpringBracelet
ItemCandidate	497	Name	BlackIronBracelet
ItemCandidate	498	Name	SteelGlove
ItemCandidate	499	Name	BracerOfMagic
ItemCandidate	500	Name	TaoPowerBracelet
ItemCandidate	501	Name	SteelGauntlet
ItemCandidate	502	Name	8TrigramWheel
ItemCandidate	503	Name	HangMaWheel
ItemCandidate	504	Name	BokMaWheel
ItemCandidate	505	Name	BaekTaGlove
ItemCandidate	506	Name	SpiritReformer
ItemCandidate	507	Name	HolyTaoWheel
ItemCandidate	508	Name	DualTitanAmulet
ItemCandidate	509	Name	EvilWhispAmulet
ItemCandidate	510	Name	SacredAngelAmulet
ItemCandidate	511	Name	WildTitanAmulet
ItemCandidate	512	Name	EnchantedAmulet
ItemCandidate	513	Name	FiveElementAmulet
ItemCandidate	514	Name	PurpleFoxBracelet
ItemCandidate	515	Name	RedFoxBracelet
ItemCandidate	516	Name	BlueFoxBracelet
ItemCandidate	517	Name	GreatPurpleFoxBrace
ItemCandidate	518	Name	GreatRedFoxBrace
ItemCandidate	519	Name	GreatBlueFoxBrace
ItemCandidate	520	Name	SurvivalBracelet
ItemCandidate	521	Name	LunarBracelet
ItemCandidate	522	Name	GoldenDragonBrace
ItemCandidate	523	Name	GoldenDragonBrace1
ItemCandidate	524	Name	GoldenDragonBrace2
ItemCandidate	525	Name	GoldenDragonBrace3
ItemCandidate	526	Name	GoldenDragonBrace4
ItemCandidate	527	Name	GoldenDragonBrace5
ItemCandidate	528	Name	EvilDragonBracelet
ItemCandidate	529	Name	EvilDragonBracelet1
ItemCandidate	530	Name	EvilDragonBracelet2
ItemCandidate	531	Name	EvilDragonBracelet3
ItemCandidate	532	Name	EvilDragonBracelet4
ItemCandidate	533	Name	EvilDragonBracelet5
ItemCandidate	534	Name	GoldNecklace
ItemCandidate	535	Name	PrecisionNecklace
ItemCandidate	536	Name	BlackNecklace
ItemCandidate	537	Name	EbonyNecklace
ItemCandidate	538	Name	YellowNecklace
ItemCandidate	539	Name	PlatinumNecklace
ItemCandidate	540	Name	JadeNecklace
ItemCandidate	541	Name	TigerNecklace
ItemCandidate	542	Name	ElusionNecklace
ItemCandidate	543	Name	NagaNecklace
ItemCandidate	544	Name	AmberNecklace
ItemCandidate	545	Name	PhoenixBead
ItemCandidate	546	Name	LanternNecklace
ItemCandidate	547	Name	GaleNecklace
ItemCandidate	548	Name	WarriorNecklace
ItemCandidate	549	Name	BlueCrystalNecklace
ItemCandidate	550	Name	BlueJadeNecklace
ItemCandidate	551	Name	ConvexLens
ItemCandidate	552	Name	BambooPipe
ItemCandidate	553	Name	BlueThunderNecklace
ItemCandidate	554	Name	SpiritPowerNecklace
ItemCandidate	555	Name	ClawNecklace
ItemCandidate	556	Name	LifeNecklace
ItemCandidate	557	Name	PearlNecklace
ItemCandidate	558	Name	AmethystNecklace
ItemCandidate	559	Name	DemonicBells
ItemCandidate	560	Name	SoulNecklace
ItemCandidate	561	Name	GreenBead
ItemCandidate	562	Name	HeroNecklace
ItemCandidate	563	Name	AdamantineNecklace
ItemCandidate	564	Name	RequiemNecklace
ItemCandidate	565	Name	CuspidNecklace
ItemCandidate	566	Name	SorceryAnchor
ItemCandidate	567	Name	PurifiedMirror
ItemCandidate	568	Name	AdamantNecklace
ItemCandidate	569	Name	EvilTriangle
ItemCandidate	570	Name	CrossPurified
ItemCandidate	571	Name	PurpleFoxCollar
ItemCandidate	572	Name	RedFoxCollar
ItemCandidate	573	Name	BlueFoxCollar
ItemCandidate	574	Name	GreatPurpleFoxCollar
ItemCandidate	575	Name	GreatRedFoxCollar
ItemCandidate	576	Name	GreatBlueFoxCollar
ItemCandidate	577	Name	SurvivalNecklace
ItemCandidate	578	Name	DemonMask
ItemCandidate	579	Name	VioletOrb
ItemCandidate	580	Name	KunroonTear
ItemCandidate	581	Name	DragonNecklace
ItemCandidate	582	Name	DragonNecklace1
ItemCandidate	583	Name	DragonNecklace2
ItemCandidate	584	Name	DragonNecklace3
ItemCandidate	585	Name	DragonNecklace4
ItemCandidate	586	Name	DragonNecklace5
ItemCandidate	587	Name	DragonPendant
ItemCandidate	588	Name	DragonPendant1
ItemCandidate	589	Name	DragonPendant2
ItemCandidate	590	Name	DragonPendant3
ItemCandidate	591	Name	DragonPendant4
ItemCandidate	592	Name	DragonPendant5
ItemCandidate	593	Name	ProbeNecklace
ItemCandidate	594	Name	SkillNecklace
ItemCandidate	595	Name	BronzeHelmet
ItemCandidate	596	Name	MagicHelmet
ItemCandidate	597	Name	BrassHelmet
ItemCandidate	598	Name	GoldenTiara
ItemCandidate	599	Name	SkeletonHelmet
ItemCandidate	600	Name	ShamanHelmet
ItemCandidate	601	Name	SteelHelmet
ItemCandidate	602	Name	HelmetOfHero
ItemCandidate	603	Name	BlackIronHelmet
ItemCandidate	604	Name	GreatHelmet
ItemCandidate	605	Name	WisdomCoronet
ItemCandidate	606	Name	TaoCoronet
ItemCandidate	607	Name	RoyalHelmet
ItemCandidate	608	Name	HelmetOfKings
ItemCandidate	609	Name	HelmetOfSorcery
ItemCandidate	610	Name	PurifiedMask
ItemCandidate	611	Name	DemonShadow
ItemCandidate	612	Name	LeatherBelt
ItemCandidate	613	Name	ChainBelt
ItemCandidate	614	Name	BronzeBelt
ItemCandidate	615	Name	SteelBelt
ItemCandidate	616	Name	GoldBelt
ItemCandidate	617	Name	AdamantineBelt
ItemCandidate	618	Name	FlamingGrasp
ItemCandidate	619	Name	RottenShoes
ItemCandidate	620	Name	LowShoes
ItemCandidate	621	Name	LeatherBoots
ItemCandidate	622	Name	SilkBoots
ItemCandidate	623	Name	BlackBoots
ItemCandidate	624	Name	DragonBoots
ItemCandidate	625	Name	RedScaleBoots
ItemCandidate	626	Name	GoldPatternBoots
ItemCandidate	627	Name	HealthStone(S)
ItemCandidate	628	Name	HealthStone(M)
ItemCandidate	629	Name	HealthStone(L)
ItemCandidate	630	Name	HealthStone(XL)
ItemCandidate	631	Name	HealthStone
ItemCandidate	632	Name	MagicStone(S)
ItemCandidate	633	Name	MagicStone(M)
ItemCandidate	634	Name	MagicStone(L)
ItemCandidate	635	Name	MagicStone(XL)
ItemCandidate	636	Name	MagicStone
ItemCandidate	637	Name	PowerStone(S)
ItemCandidate	638	Name	PowerStone(M)
ItemCandidate	639	Name	PowerStone(L)
ItemCandidate	640	Name	PowerStone(XL)
ItemCandidate	641	Name	PowerStone
ItemCandidate	642	Name	DCStone(S)
ItemCandidate	643	Name	DCStone(M)
ItemCandidate	644	Name	DCStone(L)
ItemCandidate	645	Name	DCStone(XL)
ItemCandidate	646	Name	DCStone
ItemCandidate	647	Name	MCStone(S)
ItemCandidate	648	Name	MCStone(M)
ItemCandidate	649	Name	MCStone(L)
ItemCandidate	650	Name	MCStone(XL)
ItemCandidate	651	Name	MCStone
ItemCandidate	652	Name	SCStone(S)
ItemCandidate	653	Name	SCStone(M)
ItemCandidate	654	Name	SCStone(L)
ItemCandidate	655	Name	SCStone(XL)
ItemCandidate	656	Name	SCStone
ItemCandidate	657	Name	FrozenStone
ItemCandidate	658	Name	(HP)DrugSmall
ItemCandidate	659	Name	(MP)DrugSmall
ItemCandidate	660	Name	(HP)DrugMedium
ItemCandidate	661	Name	(MP)DrugMedium
ItemCandidate	662	Name	(HP)DrugLarge
ItemCandidate	663	Name	(MP)DrugLarge
ItemCandidate	664	Name	(HP)DrugXL
ItemCandidate	665	Name	(MP)DrugXL
ItemCandidate	666	Name	(HP)PotionSmall
ItemCandidate	667	Name	(MP)PotionSmall
ItemCandidate	668	Name	(HP)PotionMedium
ItemCandidate	669	Name	(MP)PotionMedium
ItemCandidate	670	Name	SunPotion
ItemCandidate	671	Name	SunPotion(M)
ItemCandidate	672	Name	Ginseng
ItemCandidate	673	Name	OldGinseng
ItemCandidate	674	Name	Apple
ItemCandidate	675	Name	ImpactDrug(S)
ItemCandidate	676	Name	ImpactDrug(M)
ItemCandidate	677	Name	ImpactDrug(L)
ItemCandidate	678	Name	MagicDrug(S)
ItemCandidate	679	Name	MagicDrug(M)
ItemCandidate	680	Name	MagicDrug(L)
ItemCandidate	681	Name	TaoistDrug(S)
ItemCandidate	682	Name	TaoistDrug(M)
ItemCandidate	683	Name	TaoistDrug(L)
ItemCandidate	684	Name	StormDrug(S)
ItemCandidate	685	Name	StormDrug(M)
ItemCandidate	686	Name	StormDrug(L)
ItemCandidate	687	Name	StaminaAid(S)
ItemCandidate	688	Name	StaminaAid(M)
ItemCandidate	689	Name	StaminaAid(L)
ItemCandidate	690	Name	MagicAid(S)
ItemCandidate	691	Name	MagicAid(M)
ItemCandidate	692	Name	MagicAid(L)
ItemCandidate	693	Name	SpencerDrug
ItemCandidate	694	Name	Dumpling
ItemCandidate	695	Name	BeefDumpling
ItemCandidate	696	Name	ChickenDumpling
ItemCandidate	697	Name	EggDumpling
ItemCandidate	698	Name	BoneDumpling
ItemCandidate	699	Name	HerbalTea
ItemCandidate	700	Name	MeatSoup
ItemCandidate	701	Name	ZerkSoup
ItemCandidate	702	Name	ChickenBroth
ItemCandidate	703	Name	EggBroth
ItemCandidate	704	Name	BoneBroth
ItemCandidate	705	Name	CannibalFruitTea
ItemCandidate	706	Name	RepairOil
ItemCandidate	707	Name	WarGodOil
ItemCandidate	708	Name	[H]WarGodOil
ItemCandidate	709	Name	BenedictionOil
ItemCandidate	710	Name	GreenPoison
ItemCandidate	711	Name	RedPoison
ItemCandidate	712	Name	Amulet
ItemCandidate	713	Name	Amulet(Bundle)
ItemCandidate	714	Name	AmuletOfRevival
ItemCandidate	715	Name	Invitation
ItemCandidate	716	Name	GTTeleport
ItemCandidate	717	Name	RandomTeleport
ItemCandidate	718	Name	DungeonEscape
ItemCandidate	719	Name	TownTeleport
ItemCandidate	720	Name	TeleportHome
ItemCandidate	722	Name	Candle
ItemCandidate	723	Name	Torch
ItemCandidate	724	Name	EnternalFlame
ItemCandidate	725	Name	PeddlerTorch
ItemCandidate	726	Name	DragonTorch
ItemCandidate	727	Name	HardTorch(S)
ItemCandidate	728	Name	HardTorch(M)
ItemCandidate	729	Name	HardTorch(L)
ItemCandidate	730	Name	KnowledgeTorch(S)
ItemCandidate	731	Name	KnowledgeTorch(M)
ItemCandidate	732	Name	KnowledgeTorch(L)
ItemCandidate	733	Name	Lantern
ItemCandidate	734	Name	BraveryGem
ItemCandidate	735	Name	MagicGem
ItemCandidate	736	Name	SoulGem
ItemCandidate	737	Name	ProtectionGem
ItemCandidate	738	Name	EvilSlayerGem
ItemCandidate	739	Name	DurabilityGem
ItemCandidate	740	Name	StormGem
ItemCandidate	741	Name	AgilityGem
ItemCandidate	742	Name	AccuracyGem
ItemCandidate	743	Name	PoisonGem
ItemCandidate	744	Name	FreezingGem
ItemCandidate	745	Name	DisillusionGem
ItemCandidate	746	Name	EnduranceGem
ItemCandidate	747	Name	BraveryOrb
ItemCandidate	748	Name	MagicOrb
ItemCandidate	749	Name	SoulOrb
ItemCandidate	750	Name	ProtectionOrb
ItemCandidate	751	Name	EvilSlayerOrb
ItemCandidate	752	Name	DurabilityOrb
ItemCandidate	753	Name	StormOrb
ItemCandidate	754	Name	AgilityOrb
ItemCandidate	755	Name	AccuracyOrb
ItemCandidate	756	Name	PoisonOrb
ItemCandidate	757	Name	FreezingOrb
ItemCandidate	758	Name	DisillusionOrb
ItemCandidate	759	Name	EnduranceOrb
ItemCandidate	760	Name	SewingGoods
ItemCandidate	761	Name	BoneHammer
ItemCandidate	762	Name	GreaterSewingGoods
ItemCandidate	763	Name	GreaterBoneHammer
ItemCandidate	764	Name	BengalTiger
ItemCandidate	765	Name	BlueTiger
ItemCandidate	766	Name	BlackLeopard
ItemCandidate	767	Name	IceLeopard
ItemCandidate	768	Name	PantheraTiger
ItemCandidate	769	Name	RedTiger
ItemCandidate	770	Name	WhiteTiger
ItemCandidate	771	Name	Wolf
ItemCandidate	772	Name	BrownWolf
ItemCandidate	773	Name	BlueWolf
ItemCandidate	774	Name	BlackWolf
ItemCandidate	775	Name	WhiteWolf
ItemCandidate	776	Name	LeatherBridle
ItemCandidate	777	Name	GoldBridle
ItemCandidate	778	Name	BronzeBell
ItemCandidate	779	Name	SilverBell
ItemCandidate	780	Name	GoldBell
ItemCandidate	781	Name	GreenBell
ItemCandidate	782	Name	Saddle
ItemCandidate	783	Name	RedRibbon
ItemCandidate	784	Name	BlueRibbon
ItemCandidate	785	Name	BlackRibbon
ItemCandidate	786	Name	LeatherMask
ItemCandidate	787	Name	WhiteMask
ItemCandidate	788	Name	BlackMask
ItemCandidate	789	Name	SilverMask
ItemCandidate	790	Name	TitaniumMask
ItemCandidate	791	Name	RawMeat
ItemCandidate	792	Name	LeanMeat
ItemCandidate	793	Name	BlueFishingRod
ItemCandidate	794	Name	RedFishingRod[6M]
ItemCandidate	795	Name	FishingHook
ItemCandidate	796	Name	FishingFloat
ItemCandidate	797	Name	PremiumFloat
ItemCandidate	798	Name	FishBait
ItemCandidate	799	Name	PremiumBait
ItemCandidate	800	Name	FishDetector
ItemCandidate	801	Name	PremiumFinder
ItemCandidate	802	Name	FishingReel
ItemCandidate	803	Name	PremiumReel
ItemCandidate	804	Name	Walleye
ItemCandidate	805	Name	SwordFish
ItemCandidate	806	Name	RockBass
ItemCandidate	807	Name	Trout
ItemCandidate	808	Name	Tinker
ItemCandidate	809	Name	SmallGobby
ItemCandidate	810	Name	Mackeral
ItemCandidate	811	Name	Gobby
ItemCandidate	812	Name	ArmourBook(DC)
ItemCandidate	813	Name	ArmourBook(MC)
ItemCandidate	814	Name	ArmourBook(SC)
ItemCandidate	815	Name	ArmourBook(ACC)
ItemCandidate	816	Name	RustyArmour
ItemCandidate	817	Name	Translucent
ItemCandidate	818	Name	HavocCrystal
ItemCandidate	819	Name	BookofMana
ItemCandidate	820	Name	BookofSpirit
ItemCandidate	821	Name	ArmourCastTool
ItemCandidate	822	Name	MossyBox
ItemCandidate	823	Name	StrongRope
ItemCandidate	824	Name	CopperOre
ItemCandidate	825	Name	IronOre
ItemCandidate	826	Name	SilverOre
ItemCandidate	827	Name	GoldOre
ItemCandidate	828	Name	BlackIronOre
ItemCandidate	829	Name	Amethyst
ItemCandidate	830	Name	Ruby
ItemCandidate	831	Name	Platinum
ItemCandidate	832	Name	Nephrite
ItemCandidate	833	Name	AdamintineOre
ItemCandidate	834	Name	EmeraldOre
ItemCandidate	835	Name	OlivineOre
ItemCandidate	836	Name	PickAxe
ItemCandidate	837	Name	PickAxe0
ItemCandidate	838	Name	Stamp
ItemCandidate	839	Name	GoldBar
ItemCandidate	840	Name	GoldBarBundle
ItemCandidate	841	Name	GoldChest
ItemCandidate	842	Name	GambleChip
ItemCandidate	843	Name	Dice
ItemCandidate	844	Name	UnknownOrb
ItemCandidate	845	Name	AdmissionOrb
ItemCandidate	846	Name	ScrollOfSeal
ItemCandidate	847	Name	GuardianOrb
ItemCandidate	848	Name	BichonToken
ItemCandidate	849	Name	TimeStonePiece
ItemCandidate	850	Name	Chicken
ItemCandidate	851	Name	Pork
ItemCandidate	852	Name	Beef
ItemCandidate	853	Name	Venison
ItemCandidate	854	Name	Mutton
ItemCandidate	855	Name	Meat
ItemCandidate	856	Name	DeerMeat
ItemCandidate	857	Name	Feather
ItemCandidate	858	Name	BrownChestnut
ItemCandidate	859	Name	BronzeChestnut
ItemCandidate	860	Name	SilverChestnut
ItemCandidate	861	Name	GoldChestnut
ItemCandidate	862	Name	Cherry
ItemCandidate	863	Name	Mushroom
ItemCandidate	864	Name	EbonyFruit
ItemCandidate	865	Name	Timber
ItemCandidate	866	Name	CannibalLeaf
ItemCandidate	867	Name	CannibalFruit
ItemCandidate	868	Name	SpiderTeeth
ItemCandidate	869	Name	SpiderWeb
ItemCandidate	870	Name	WoomaHorn
ItemCandidate	871	Name	ZumaRelic
ItemCandidate	872	Name	MaggotPill
ItemCandidate	873	Name	ScorpionTail
ItemCandidate	874	Name	Bone
ItemCandidate	875	Name	LargeBone
ItemCandidate	876	Name	SkyStingerEgg
ItemCandidate	877	Name	Mandible
ItemCandidate	878	Name	BugEye
ItemCandidate	879	Name	BugLeg
ItemCandidate	880	Name	BugShell
ItemCandidate	881	Name	WhiteThread
ItemCandidate	882	Name	RedThread
ItemCandidate	883	Name	BlackThread
ItemCandidate	884	Name	RedEyeSkull
ItemCandidate	885	Name	DragonScale
ItemCandidate	886	Name	WindMarble
ItemCandidate	887	Name	EvasionMarble
ItemCandidate	888	Name	FocusMarble
ItemCandidate	889	Name	PoisonMarble
ItemCandidate	890	Name	IceMarble
ItemCandidate	891	Name	WillMarble
ItemCandidate	892	Name	AntidoteMarble
ItemCandidate	893	Name	String
ItemCandidate	894	Name	HealingLetter
ItemCandidate	895	Name	DeerHorn
ItemCandidate	896	Name	DeerBlood
ItemCandidate	897	Name	PigEar
ItemCandidate	898	Name	PigHoof
ItemCandidate	899	Name	SpiderLeg
ItemCandidate	900	Name	CannibalPoison
ItemCandidate	901	Name	RedMoonChip
ItemCandidate	902	Name	EvilApeOil
ItemCandidate	903	Name	EvilApeHeart
ItemCandidate	904	Name	JadeCrystal
ItemCandidate	905	Name	DemonLeather
ItemCandidate	906	Name	UndeadLeather
ItemCandidate	907	Name	MammothLeather
ItemCandidate	908	Name	BeastLeather
ItemCandidate	909	Name	LightLeather
ItemCandidate	910	Name	BaboonLeather
ItemCandidate	911	Name	RhinoLeather
ItemCandidate	912	Name	AncientLeather
ItemCandidate	913	Name	BraveryGlyph0
ItemCandidate	914	Name	BraveryGlyph1
ItemCandidate	915	Name	BraveryGlyph2
ItemCandidate	916	Name	BraveryGlyph3
ItemCandidate	917	Name	MagicGlyph0
ItemCandidate	918	Name	MagicGlyph1
ItemCandidate	919	Name	MagicGlyph2
ItemCandidate	920	Name	MagicGlyph3
ItemCandidate	921	Name	SoulGlyph0
ItemCandidate	922	Name	SoulGlyph1
ItemCandidate	923	Name	SoulGlyph2
ItemCandidate	924	Name	SoulGlyph3
ItemCandidate	925	Name	ProtectionGlyph0
ItemCandidate	926	Name	ProtectionGlyph1
ItemCandidate	927	Name	ProtectionGlyph2
ItemCandidate	928	Name	ProtectionGlyph3
ItemCandidate	929	Name	EvilSlayerGlyph0
ItemCandidate	930	Name	EvilSlayerGlyph1
ItemCandidate	931	Name	EvilSlayerGlyph2
ItemCandidate	932	Name	EvilSlayerGlyph3
ItemCandidate	933	Name	BodyGlyph0
ItemCandidate	934	Name	BodyGlyph1
ItemCandidate	935	Name	BodyGlyph2
ItemCandidate	936	Name	BodyGlyph3
ItemCandidate	937	Name	AwakeningSoul0
ItemCandidate	938	Name	AwakeningSoul1
ItemCandidate	939	Name	AwakeningSoul2
ItemCandidate	940	Name	AwakeningSoul3
ItemCandidate	941	Name	BabyPigEgg
ItemCandidate	942	Name	ChickEgg
ItemCandidate	943	Name	KittenEgg
ItemCandidate	944	Name	SkeletonEgg
ItemCandidate	945	Name	BaekdonEgg
ItemCandidate	946	Name	WimaenEgg
ItemCandidate	947	Name	BlackKittenEgg
ItemCandidate	948	Name	BabyDragonEgg
ItemCandidate	949	Name	OlympicEgg
ItemCandidate	950	Name	SnowManEgg
ItemCandidate	951	Name	FrogEgg
ItemCandidate	952	Name	CreatureMirror
ItemCandidate	953	Name	BlackCreatureStone
ItemCandidate	954	Name	CreatureNuts
ItemCandidate	955	Name	FairyMoss
ItemCandidate	956	Name	FreshwaterClam
ItemCandidate	957	Name	Mackerel
ItemCandidate	958	Name	Cherries
ItemCandidate	959	Name	WonderPill
ItemCandidate	960	Name	WonderBox(S)
ItemCandidate	961	Name	WonderBox(M)
ItemCandidate	962	Name	WonderBox(L)
ItemCandidate	963	Name	WonderDrug(EXP)
ItemCandidate	964	Name	WonderDrug(DROP)
ItemCandidate	965	Name	WonderDrug(HP)
ItemCandidate	966	Name	WonderDrug(MP)
ItemCandidate	967	Name	WonderDrug(AC)
ItemCandidate	968	Name	WonderDrug(MAC)
ItemCandidate	969	Name	WonderDrug(A.SPEED)
ItemCandidate	970	Name	Knapsack(S)
ItemCandidate	971	Name	Knapsack(M)
ItemCandidate	972	Name	Knapsack(L)
ItemCandidate	973	Name	Fencing
ItemCandidate	974	Name	Slaying
ItemCandidate	975	Name	Thrusting
ItemCandidate	976	Name	HalfMoon
ItemCandidate	977	Name	ShoulderDash
ItemCandidate	978	Name	TwinDrakeBlade
ItemCandidate	979	Name	Entrapment
ItemCandidate	980	Name	FlamingSword
ItemCandidate	981	Name	LionRoar
ItemCandidate	982	Name	CrossHalfMoon
ItemCandidate	983	Name	BladeAvalanche
ItemCandidate	984	Name	ProtectionField
ItemCandidate	985	Name	Rage
ItemCandidate	986	Name	CounterAttack
ItemCandidate	987	Name	SlashingBurst
ItemCandidate	988	Name	Fury
ItemCandidate	989	Name	ImmortalSkin
ItemCandidate	990	Name	FireBall
ItemCandidate	991	Name	Repulsion
ItemCandidate	992	Name	ElectricShock
ItemCandidate	993	Name	GreatFireBall
ItemCandidate	994	Name	HellFire
ItemCandidate	995	Name	ThunderBolt
ItemCandidate	996	Name	Teleport
ItemCandidate	997	Name	FireBang
ItemCandidate	998	Name	FireWall
ItemCandidate	999	Name	Lightning
ItemCandidate	1000	Name	FrostCrunch
ItemCandidate	1001	Name	ThunderStorm
ItemCandidate	1002	Name	MagicShield
ItemCandidate	1003	Name	TurnUndead
ItemCandidate	1004	Name	Vampirism
ItemCandidate	1005	Name	IceStorm
ItemCandidate	1006	Name	FlameDisruptor
ItemCandidate	1007	Name	Mirroring
ItemCandidate	1008	Name	FlameField
ItemCandidate	1009	Name	Blizzard
ItemCandidate	1010	Name	MagicBooster
ItemCandidate	1011	Name	MeteorStrike
ItemCandidate	1012	Name	IceThrust
ItemCandidate	1013	Name	Blink
ItemCandidate	1014	Name	StormEscape
ItemCandidate	1015	Name	FastMove
ItemCandidate	1016	Name	Healing
ItemCandidate	1017	Name	SpiritSword
ItemCandidate	1018	Name	Poisoning
ItemCandidate	1019	Name	SoulFireBall
ItemCandidate	1020	Name	SummonSkeleton
ItemCandidate	1021	Name	Hiding
ItemCandidate	1022	Name	MassHiding
ItemCandidate	1023	Name	SoulShield
ItemCandidate	1024	Name	Revelation
ItemCandidate	1025	Name	BlessedArmour
ItemCandidate	1026	Name	EnergyRepulsor
ItemCandidate	1027	Name	TrapHexagon
ItemCandidate	1028	Name	Purification
ItemCandidate	1029	Name	MassHealing
ItemCandidate	1030	Name	Hallucination
ItemCandidate	1031	Name	UltimateEnhancer
ItemCandidate	1032	Name	SummonShinsu
ItemCandidate	1033	Name	Reincarnation
ItemCandidate	1034	Name	SummonHolyDeva
ItemCandidate	1035	Name	Curse
ItemCandidate	1036	Name	Plague
ItemCandidate	1037	Name	PoisonCloud
ItemCandidate	1038	Name	EnergyShield
ItemCandidate	1039	Name	PetEnhancer
ItemCandidate	1040	Name	HealingCircle
ItemCandidate	1041	Name	FatalSword
ItemCandidate	1042	Name	DoubleSlash
ItemCandidate	1043	Name	Haste
ItemCandidate	1044	Name	FlashDash
ItemCandidate	1045	Name	LightBody
ItemCandidate	1046	Name	HeavenlySword
ItemCandidate	1047	Name	FireBurst
ItemCandidate	1048	Name	Trap
ItemCandidate	1049	Name	PoisonSword
ItemCandidate	1050	Name	MoonLight
ItemCandidate	1051	Name	MPEater
ItemCandidate	1052	Name	SwiftFeet
ItemCandidate	1053	Name	DarkBody
ItemCandidate	1054	Name	Hemorrhage
ItemCandidate	1055	Name	CresentSlash
ItemCandidate	1056	Name	MoonMist
ItemCandidate	1057	Name	Focus
ItemCandidate	1058	Name	StraightShot
ItemCandidate	1059	Name	MentalState
ItemCandidate	1060	Name	DoubleShot
ItemCandidate	1061	Name	Meditation
ItemCandidate	1062	Name	ElementalShot
ItemCandidate	1063	Name	ExplosiveTrap
ItemCandidate	1064	Name	Concentration
ItemCandidate	1065	Name	VampireShot
ItemCandidate	1066	Name	SummonVampire
ItemCandidate	1067	Name	BackStep
ItemCandidate	1068	Name	DelayedExplosion
ItemCandidate	1069	Name	ElementalBarrier
ItemCandidate	1070	Name	BindingShot
ItemCandidate	1071	Name	SummonToad
ItemCandidate	1072	Name	PoisonShot
ItemCandidate	1073	Name	CrippleShot
ItemCandidate	1074	Name	SummonSnakes
ItemCandidate	1075	Name	NapalmShot
ItemCandidate	1076	Name	OneWithNature
ItemCandidate	1077	Name	StoneTrap
ItemCandidate	1078	Name	Portal
ItemCandidate	1079	Name	WoomaHeart
ItemCandidate	1080	Name	StoneHeart
ItemCandidate	1081	Name	PrajnaHeart
ItemCandidate	1082	Name	ZumaHeart
ItemCandidate	1083	Name	DollyMask
ItemCandidate	1084	Name	Pirate
ItemCandidate	1085	Name	Ninja(M)
ItemCandidate	1086	Name	Ninja(F)
ItemCandidate	1087	Name	Santa
ItemCandidate	1088	Name	Rudolph
ItemCandidate	1089	Name	SpiderWarrior
ItemCandidate	1090	Name	ManectricClub
ItemCandidate	1091	Name	ManectricHammer
ItemCandidate	1092	Name	FlamingMutant
ItemCandidate	1093	Name	Formal(M)
ItemCandidate	1094	Name	Formal(F)
ItemCandidate	1095	Name	Formal1(M)
ItemCandidate	1096	Name	Formal1(F)
ItemCandidate	1097	Name	Footballer
ItemCandidate	1098	Name	DevilGirl
ItemCandidate	1099	Name	Formal2(F)
ItemCandidate	1100	Name	Formal2(M)
ItemCandidate	1101	Name	HellWarrior
ItemCandidate	1102	Name	HeavenWarrior
ItemCandidate	1103	Name	Footballer1
ItemCandidate	1104	Name	Footballer2
ItemCandidate	1105	Name	Footballer3
ItemCandidate	1106	Name	Footballer4
ItemCandidate	1107	Name	Footballer5
ItemCandidate	1108	Name	DevilGirl1
ItemCandidate	1109	Name	Ram
ItemCandidate	1110	Name	Formal2(M)
ItemCandidate	1111	Name	CannibalLeaves
ItemCandidate	1112	Name	GingerTea
ItemCandidate	1113	Name	OmaTeeth
ItemCandidate	1114	Name	CannibalStem
ItemCandidate	1115	Name	PoisonSack
ItemCandidate	1116	Name	Web
ItemCandidate	1117	Name	JadeRing
ItemCandidate	1118	Name	BluePill
ItemCandidate	1119	Name	SecretRecipe
ItemCandidate	1120	Name	SnakeBody
ItemCandidate	1121	Name	SnakeWine
ItemCandidate	1122	Name	Ebony(Fruit)
ItemCandidate	1123	Name	RedSnakeTeeth
ItemCandidate	1124	Name	OliviasRing
ItemCandidate	1125	Name	Relics
ItemCandidate	1126	Name	CookBook
ItemCandidate	1127	Name	CannibalSeed
ItemCandidate	1128	Name	CanniTea
ItemCandidate	1129	Name	BatTeeth
ItemCandidate	1130	Name	Skull
ItemCandidate	1131	Name	ZombieEye
ItemCandidate	1132	Name	BatWings
ItemCandidate	1133	Name	CaveReport
ItemCandidate	1134	Name	SkeletonHead
ItemCandidate	1135	Name	RareCopperOre
ItemCandidate	1136	Name	OldNecklace
ItemCandidate	1137	Name	BugBlood
ItemCandidate	1138	Name	BluJadePendant
ItemCandidate	1139	Name	Antidote
ItemCandidate	1140	Name	GatheringGlove
ItemCandidate	1141	Name	GatheringTool
ItemCandidate	1142	Name	GreenHerb
ItemCandidate	1143	Name	MobBlood
ItemCandidate	1144	Name	RedDagger
ItemCandidate	1145	Name	OldRobe
ItemCandidate	1146	Name	StolenGold
ItemCandidate	1147	Name	HiddenScroll
ItemCandidate	1148	Name	HeartOfDead
ItemCandidate	1149	Name	TraineeSuit
ItemCandidate	1150	Name	ZombiesHeart
ItemCandidate	1151	Name	AncientTree
ItemCandidate	1152	Name	WornAxe
ItemCandidate	1153	Name	TraineeRing
ItemCandidate	1154	Name	SkysLetter
ItemCandidate	1155	Name	BeefRib
ItemCandidate	1156	Name	WoomasHorn
ItemCandidate	1157	Name	BugSpecimen
ItemCandidate	1158	Name	CharleySword
ItemCandidate	1159	Name	BichonTales(1)
ItemCandidate	1160	Name	BichonTales(2)
ItemCandidate	1161	Name	BichonTales(3)
ItemCandidate	1162	Name	CorpsFlower
ItemCandidate	1163	Name	CleanSkull
ItemCandidate	1164	Name	PrajnaHistory
ItemCandidate	1165	Name	BatPoison
ItemCandidate	1166	Name	Algae
ItemCandidate	1167	Name	RelicRock
ItemCandidate	1168	Name	BloodPill
ItemCandidate	1169	Name	SkeletonBone
ItemCandidate	1170	Name	BoarTooth
ItemCandidate	1171	Name	GoldenPendant
ItemCandidate	1172	Name	SharpDagger
ItemCandidate	1173	Name	ToughHoaSword
ItemCandidate	1174	Name	StiffWoodenBow
ItemCandidate	1175	Name	OldCopperRing
ItemCandidate	1176	Name	WornIronBracelet
ItemCandidate	1177	Name	BronzeWarriorSword
ItemCandidate	1178	Name	StrongHoaSword
ItemCandidate	1179	Name	StrongWoodenBow
ItemCandidate	1180	Name	OldLoafer
ItemCandidate	1181	Name	PrecisionPendant
ItemCandidate	1182	Name	BronzeShortSword
ItemCandidate	1183	Name	BronzeHoaSword
ItemCandidate	1184	Name	ElkWoodenBow
ItemCandidate	1185	Name	SteelBangle
ItemCandidate	1186	Name	StrongLeatherBelt
ItemCandidate	1187	Name	BlackCrystalPendant
ItemCandidate	1188	Name	EbonyPendant
ItemCandidate	1189	Name	YellowCrystalPendant
ItemCandidate	1190	Name	SolidArmour(M)
ItemCandidate	1191	Name	SolidArmour(F)
ItemCandidate	1192	Name	BrokenSword
ItemCandidate	1193	Name	SuperiorBronzeHelmet
ItemCandidate	1194	Name	StrongLeatherShoes
ItemCandidate	1195	Name	SolidBronzeAxe
ItemCandidate	1196	Name	SharpSword
ItemCandidate	1197	Name	SharpTrident
ItemCandidate	1198	Name	SharpScimitar
ItemCandidate	1199	Name	SharpSabre
ItemCandidate	1200	Name	ToughBow
ItemCandidate	1201	Name	SuperiorMagicHelmet
ItemCandidate	1202	Name	SteelBuckle
ItemCandidate	1203	Name	OldNagaNecklace
ItemCandidate	1204	Name	AmberPendant
ItemCandidate	1205	Name	WornBeadofPhoenix
ItemCandidate	1206	Name	BronzeStrap
ItemCandidate	1207	Name	ToughGlove
ItemCandidate	1208	Name	MagicBangle
ItemCandidate	1209	Name	HardSteelSword
ItemCandidate	1210	Name	EbonyBangle
ItemCandidate	1211	Name	MonkBangle
ItemCandidate	1212	Name	SilkShoes
ItemCandidate	1213	Name	BlackCrystalRing
ItemCandidate	1214	Name	EyeofGoldenSnake
ItemCandidate	1215	Name	BlackPearlRing
ItemCandidate	1216	Name	MartialSabre
ItemCandidate	1217	Name	SpearWithHook
ItemCandidate	1218	Name	KeenKrissSword
ItemCandidate	1219	Name	BlackIronCrowSwords
ItemCandidate	1220	Name	ToughLongBow
ItemCandidate	1221	Name	ThickArmour(M)
ItemCandidate	1222	Name	ThickArmour(F)
ItemCandidate	1223	Name	FireMagicRobe(M)
ItemCandidate	1224	Name	FireMagicRobe(F)
ItemCandidate	1225	Name	TaoArmour(M)
ItemCandidate	1226	Name	TaoArmour(F)
ItemCandidate	1227	Name	SpiritRobe(M)
ItemCandidate	1228	Name	SpiritRobe(F)
ItemCandidate	1229	Name	LeatherArmour(M)
ItemCandidate	1230	Name	LeatherArmour(F)
ItemCandidate	1231	Name	BlueJadePendant
ItemCandidate	1232	Name	WizardRing
ItemCandidate	1233	Name	RingOfMoral
ItemCandidate	1234	Name	BlackIronBelt
ItemCandidate	1235	Name	SolidBlackBoots
ItemCandidate	1236	Name	ClawPendant
ItemCandidate	1237	Name	FireConvexLens
ItemCandidate	1238	Name	StrongBambooFlute
ItemCandidate	1239	Name	ExorcistRing
ItemCandidate	1240	Name	SolidGreatAxe
ItemCandidate	1241	Name	SolidBronzeStaff
ItemCandidate	1242	Name	SolidSerpentSword
ItemCandidate	1243	Name	SolidTwinBlades
ItemCandidate	1244	Name	SolidSilverBow
ItemCandidate	1245	Name	BlackIronBangle
ItemCandidate	1246	Name	FineIronArmour(M)
ItemCandidate	1247	Name	FineIronArmour(F)
ItemCandidate	1248	Name	FireRobe(M)
ItemCandidate	1249	Name	FireRobe(F)
ItemCandidate	1250	Name	YingYangRobe(M)
ItemCandidate	1251	Name	YingYangRobe(F)
ItemCandidate	1252	Name	FlamingRedArmour(M)
ItemCandidate	1253	Name	FlamingRedArmour(F)
ItemCandidate	1254	Name	HardTemperedArmour(M)
ItemCandidate	1255	Name	HardTemperedArmour(F)
ItemCandidate	1256	Name	RedMoonSword
ItemCandidate	1257	Name	RedMoonBlades
ItemCandidate	1258	Name	RedMoonBow
ItemCandidate	1260	Name	CreditToken1
ItemCandidate	1261	Name	CreditToken2
ItemCandidate	1262	Name	CreditToken3
ItemCandidate	1263	Name	CreditToken4
ItemCandidate	1264	Name	CreditToken5
ItemCandidate	1265	Name	CreditToken6
ItemCandidate	1266	Name	CreditToken7
ItemCandidate	1267	Name	CreditToken8
ItemCandidate	1268	Name	DestructionLiquor1
ItemCandidate	1269	Name	DestructionLiquor3
ItemCandidate	1270	Name	DestructionLiquor5
ItemCandidate	1271	Name	MagicalLiquor1
ItemCandidate	1272	Name	MagicalLiquor3
ItemCandidate	1273	Name	MagicalLiquor5
ItemCandidate	1274	Name	SoulLiquor1
ItemCandidate	1275	Name	SoulLiquor3
ItemCandidate	1276	Name	SoulLiquor5
ItemCandidate	1277	Name	HealthWine1
ItemCandidate	1278	Name	HealthWine3
ItemCandidate	1279	Name	HealthWine5
ItemCandidate	1280	Name	MagicWine1
ItemCandidate	1281	Name	MagicWine3
ItemCandidate	1282	Name	MagicWine5
ItemCandidate	1283	Name	GalePotion1
ItemCandidate	1284	Name	GalePotion2
ItemCandidate	1285	Name	GalePotion3
ItemCandidate	1286	Name	ResurrectionScroll
ItemCandidate	1287	Name	PKPointReduction
ItemCandidate	1288	Name	MysteriousScroll1
ItemCandidate	1289	Name	MysteriousScroll2
ItemCandidate	1290	Name	GuardRental[7d]
ItemCandidate	1291	Name	AncientBanga[Green]
ItemCandidate	1292	Name	AncientBanga[Purple]
ItemCandidate	1293	Name	SexChange
ItemCandidate	1294	Name	MysteriousStone[3d]
ItemCandidate	1295	Name	DCTorch[3h]
ItemCandidate	1296	Name	MCTorch[3h]
ItemCandidate	1297	Name	SCTorch[3h]
ItemCandidate	1298	Name	DCTorch[2h]
ItemCandidate	1299	Name	MCTorch[2h]
ItemCandidate	1300	Name	SCTorch[2h]
ItemCandidate	1301	Name	EXP30%1
ItemCandidate	1302	Name	EXP30%3
ItemCandidate	1303	Name	EXP30%5
ItemCandidate	1304	Name	EXP30%24
ItemCandidate	1305	Name	EXP50%1
ItemCandidate	1306	Name	EXP50%3
ItemCandidate	1307	Name	EXP50%5
ItemCandidate	1308	Name	EXP50%24
ItemCandidate	1309	Name	ExtraDrop20%
ItemCandidate	1310	Name	DestructionWater3
ItemCandidate	1311	Name	DestructionWater7
ItemCandidate	1312	Name	MagicalWater3
ItemCandidate	1313	Name	MagicalWater7
ItemCandidate	1314	Name	SoulWater3
ItemCandidate	1315	Name	SoulWater7
ItemCandidate	1316	Name	StrengthWater3
ItemCandidate	1317	Name	StrengthWater7
ItemCandidate	1318	Name	ElixirOfPhysical
ItemCandidate	1319	Name	AccuracyPotion
ItemCandidate	1320	Name	BlueOctagonalBox
ItemCandidate	1321	Name	RedOctagonalBox
ItemCandidate	1322	Name	GreenOctagonalBox
ItemCandidate	1323	Name	DestructionLiquor
ItemCandidate	1324	Name	MagicalLiquor
ItemCandidate	1325	Name	SoulLiquor
ItemCandidate	1326	Name	HealthWine
ItemCandidate	1327	Name	GalePotion
ItemCandidate	1328	Name	AncientScyther
ItemCandidate	1329	Name	WhiteWine
ItemCandidate	1330	Name	RedWine
ItemCandidate	1331	Name	Wine
ItemCandidate	1332	Name	CannibalWine
ItemCandidate	1333	Name	SpiderWine
ItemCandidate	1334	Name	MongchonWine
ItemCandidate	1335	Name	BloodWine
ItemCandidate	1336	Name	Medicine
ItemCandidate	1337	Name	BoxofHolyWater1
ItemCandidate	1338	Name	ElixirOfMight[1d]
ItemCandidate	1339	Name	ElixirOfDefensive[1d]
ItemCandidate	1340	Name	ElixirOfGinseng[1d]
ItemCandidate	1341	Name	EXP20%[1d]
ItemCandidate	1342	Name	PremiumPass[1d]
ItemCandidate	1343	Name	PremiumPass[3d]
ItemCandidate	1344	Name	PremiumPass[7d]
ItemCandidate	1345	Name	PremiumPass[15d]
ItemCandidate	1346	Name	FishingPackage
ItemCandidate	1348	Name	CraftingBook
ItemCandidate	1349	Name	SealedHero
ItemCandidate	1350	Name	CostumeGirl
ItemCandidate	1351	Name	BlackTiger(F)
ItemCandidate	1352	Name	BlackTiger(M)
ItemCandidate	1353	Name	Bossy(F)
ItemCandidate	1354	Name	Bossy(M)
ItemCandidate	1355	Name	GymnasticsQueen
ItemCandidate	1356	Name	OldFisherman
ItemCandidate	1357	Name	Pig
ItemCandidate	1358	Name	SkiKid
ItemCandidate	1359	Name	Sportsman
ItemCandidate	1360	Name	Yizhili
ItemCandidate	1361	Name	DCTorch3
ItemCandidate	1362	Name	MCTorch3
ItemCandidate	1363	Name	SCTorch3
ItemCandidate	1365	Name	CatTognue
ItemCandidate	1366	Name	MeteorShower
ItemCandidate	1367	Name	BattleCry
ItemCandidate	1368	Name	GtInvite
ItemCandidate	1369	Name	IceDragonSkyBow
ItemCandidate	1370	Name	IronThornBow
ItemCandidate	1371	Name	PhoenixBow
ItemCandidate	1372	Name	BluishGreenBloodSlaughterPike
ItemCandidate	1373	Name	RetsuenBow
ItemCandidate	1374	Name	(金龍)YellowDragonBow
ItemCandidate	1375	Name	(金龍)DragonSlayer
ItemCandidate	1376	Name	(金龍)InfernalBloodBlades
ItemCandidate	1377	Name	(金龍)DragonSword
ItemCandidate	1378	Name	(金龍)SoulEaterStaff
ItemCandidate	1379	Name	IceDragonSkyKnife
ItemCandidate	1380	Name	IceDragonSkySword
ItemCandidate	1381	Name	IceDragonSkyRod
ItemCandidate	1382	Name	IceDragonSkyBayonet
ItemCandidate	1383	Name	BlueMarshmallow
ItemCandidate	1384	Name	LeopardTattooSuit(M)
ItemCandidate	1385	Name	LeopardTattooSuit(F)
ItemCandidate	1386	Name	Unstable Pearll(+9)
ItemCandidate	1387	Name	PinkMarshmallow
ItemCandidate	1388	Name	UnstablePearll(+9)1
ItemCandidate	1389	Name	UnstablePearll(+9)4
ItemCandidate	1390	Name	UnstablePearll(+9)3
ItemCandidate	1391	Name	UnstablePearll(+9)5
ItemCandidate	1392	Name	UnstablePearl(+9)2
ItemCandidate	1393	Name	SnowUnderpants
ItemCandidate	1394	Name	Underpants
ItemCandidate	1395	Name	YellowUnderpants
ItemCandidate	1396	Name	PinkUnderpants
ItemCandidate	1397	Name	GonRyunHolyLightBow(寶)
ItemCandidate	1398	Name	GonRyunHolyLightBow(聖)
ItemCandidate	1399	Name	GonRyunHolyLightBow(神)
ItemCandidate	1400	Name	HyeoncheonSuhoSteel(寶)
ItemCandidate	1401	Name	HyeoncheonSuhoSteel(聖)
ItemCandidate	1402	Name	HyeoncheonSuhoSteel(神)
ItemCandidate	1403	Name	Hyeoncheon Maseok
ItemCandidate	1404	Name	GonRyunHolyLightBlades(寶)
ItemCandidate	1405	Name	GonRyunHolyLightBlades(聖)
ItemCandidate	1406	Name	GonRyunHolyLightBlades(神)
ItemCandidate	1407	Name	GonRyunHolyLightSword(寶)
ItemCandidate	1408	Name	GonRyunHolyLightSword(聖)
ItemCandidate	1409	Name	GonRyunHolyLightSword(神)
ItemCandidate	1411	Name	GonRyunHolyLightSword(聖)1
ItemCandidate	1412	Name	GonRyunHolyLightSword(聖)2
ItemCandidate	1413	Name	GonRyunHolyLightSword(聖)3
ItemCandidate	1414	Name	(幻影當籤)IceDragonSkyKnife
ItemCandidate	1415	Name	GonRyunHolyLightSword(寶)2
ItemCandidate	1416	Name	GonRyunHolyLightSword(寶)1
ItemCandidate	1417	Name	GonRyunHolyLightSword(寶)3
ItemCandidate	1418	Name	GonRyunHolyLightSword(神)1
ItemCandidate	1419	Name	GonRyunHolyLightSword(神)2
ItemCandidate	1420	Name	GonRyunHolyLightSword(神)3
ItemCandidate	1421	Name	(幻影當籤)IceDragonSkySword
ItemCandidate	1422	Name	(幻影當籤)IceDragonSkyRod
ItemCandidate	1423	Name	(幻影當籤)IceDragonSkyBayonet
ItemCandidate	1424	Name	(幻影當籤)IceDragonSkyBow
ItemCandidate	1425	Name	BlackDragonArmor(F)5
ItemCandidate	1426	Name	BlackDragonArmor(F)
ItemCandidate	1427	Name	BlackDragonArmor(F)1
ItemCandidate	1428	Name	BlackDragonArmor(F)2
ItemCandidate	1429	Name	BlackDragonArmor(F)3
ItemCandidate	1431	Name	BlackDragonArmor(F)4
ItemCandidate	1436	Name	BlackDragonArmor(M)
ItemCandidate	1437	Name	BlackDragonArmor(M)1
ItemCandidate	1438	Name	BlackDragonArmor(M)2
ItemCandidate	1439	Name	BlackDragonArmor(M)3
ItemCandidate	1440	Name	BlackDragonArmor(M)5
ItemCandidate	1441	Name	BlackDragonArmor(M)4
ItemCandidate	1442	Name	Rabbit(F)
ItemCandidate	1443	Name	Rabbit(M)
ItemCandidate	1444	Name	(新)Carnation
ItemCandidate	1445	Name	(新)BlessCarnation
ItemCandidate	1446	Name	BlessCarnation(+1)
ItemCandidate	1447	Name	BlessCarnation(+2)
ItemCandidate	1448	Name	BlessCarnation(+3)
ItemCandidate	1449	Name	BlessCarnation(+4)
ItemCandidate	1450	Name	BlessCarnation(+5)
ItemCandidate	1451	Name	GonryunHePublication(寶)
ItemCandidate	1452	Name	GonryunHePublication(聖)
ItemCandidate	1453	Name	GonryunHePublication(神)
ItemCandidate	1454	Name	GonryunEunhyung(寶)
ItemCandidate	1455	Name	GonryunEunhyung(聖)
ItemCandidate	1456	Name	GonryunEunhyung(神)
ItemCandidate	1457	Name	GonryunSanggwan(寶)
ItemCandidate	1458	Name	GonryunSanggwan(聖)
ItemCandidate	1459	Name	GonryunSanggwan(神)
ItemCandidate	1460	Name	GonryunYeoseonru(寶)
ItemCandidate	1461	Name	GonryunYeoseonru(聖)
ItemCandidate	1462	Name	GonryunYeoseonru(神)
ItemCandidate	1463	Name	GonryunHePublication(聖物)1
ItemCandidate	1464	Name	GonryunHePublication(聖物)2
ItemCandidate	1465	Name	GonryunHePublication(聖物)3
ItemCandidate	1466	Name	GonryunHePublication(聖物)5
ItemCandidate	1467	Name	GonryunHePublication(聖物)4
ItemCandidate	1468	Name	GonryunHePublication(寶物)1
ItemCandidate	1469	Name	GonryunHePublication(寶物)2
ItemCandidate	1470	Name	GonryunHePublication(寶物)3
ItemCandidate	1471	Name	GonryunHePublication(寶物)5
ItemCandidate	1472	Name	GonryunHePublication(寶物)4
ItemCandidate	1473	Name	GonryunHePublication(神物)1
ItemCandidate	1474	Name	GonryunHePublication(神物)2
ItemCandidate	1475	Name	GonryunHePublication(神物)3
ItemCandidate	1476	Name	GonryunHePublication(神物)5
ItemCandidate	1477	Name	GonryunHePublication(神物)4
ItemCandidate	1478	Name	GonryunYeoseonru(寶)1
ItemCandidate	1479	Name	GonryunYeoseonru(寶)2
ItemCandidate	1480	Name	GonryunYeoseonru(寶)3
ItemCandidate	1481	Name	GonryunYeoseonru(寶)5
ItemCandidate	1482	Name	GonryunYeoseonru(寶)4
ItemCandidate	1483	Name	GonryunYeoseonru(聖)1
ItemCandidate	1484	Name	GonryunYeoseonru(聖)2
ItemCandidate	1485	Name	GonryunYeoseonru(聖)3
ItemCandidate	1486	Name	GonryunYeoseonru(聖)5
ItemCandidate	1487	Name	GonryunYeoseonru(聖)4
ItemCandidate	1488	Name	GonryunYeoseonru(神)1
ItemCandidate	1489	Name	GonryunYeoseonru(神)2
ItemCandidate	1490	Name	GonryunYeoseonru(神)3
ItemCandidate	1491	Name	GonryunYeoseonru(神)4
ItemCandidate	1492	Name	GonryunYeoseonru(神)5
ItemCandidate	1493	Name	GonryunSanggwan(寶)1
ItemCandidate	1494	Name	GonryunSanggwan(寶)2
ItemCandidate	1495	Name	GonryunSanggwan(寶)3
ItemCandidate	1496	Name	GonryunSanggwan(寶)4
ItemCandidate	1497	Name	GonryunSanggwan(寶)5
ItemCandidate	1498	Name	GonryunSanggwan(聖)1
ItemCandidate	1499	Name	GonryunSanggwan(聖)2
ItemCandidate	1500	Name	GonryunSanggwan(聖)3
ItemCandidate	1501	Name	GonryunSanggwan(聖)4
ItemCandidate	1502	Name	GonryunSanggwan(聖)5
ItemCandidate	1503	Name	GonryunSanggwan(神)1
ItemCandidate	1504	Name	GonryunSanggwan(神)2
ItemCandidate	1505	Name	GonryunSanggwan(神)3
ItemCandidate	1506	Name	GonryunSanggwan(神)4
ItemCandidate	1507	Name	GonryunSanggwan(神)5
ItemCandidate	1508	Name	GonryunEunhyung(寶)1
ItemCandidate	1509	Name	GonryunEunhyung(寶)2
ItemCandidate	1510	Name	GonryunEunhyung(寶)3
ItemCandidate	1511	Name	GonryunEunhyung(寶)4
ItemCandidate	1512	Name	GonryunEunhyung(寶)5
ItemCandidate	1513	Name	GonryunEunhyung(聖)1
ItemCandidate	1514	Name	GonryunEunhyung(聖)2
ItemCandidate	1515	Name	GonryunEunhyung(聖)3
ItemCandidate	1516	Name	GonryunEunhyung(聖)4
ItemCandidate	1517	Name	GonryunEunhyung(聖)5
ItemCandidate	1518	Name	GonryunEunhyung(神)1
ItemCandidate	1519	Name	GonryunEunhyung(神)2
ItemCandidate	1520	Name	GonryunEunhyung(神)3
ItemCandidate	1521	Name	GonryunEunhyung(神)4
ItemCandidate	1522	Name	GonryunEunhyung(神)5
ItemCandidate	1523	Name	Gonryunpasackle(寶)
ItemCandidate	1524	Name	Gonryunpasackle(寶)1
ItemCandidate	1525	Name	Gonryunpasackle(寶)2
ItemCandidate	1526	Name	Gonryunpasackle(寶)3
ItemCandidate	1527	Name	Gonryunpasackle(寶)4
ItemCandidate	1528	Name	Gonryunpasackle(寶)5
ItemCandidate	1529	Name	Gonryunpasackle(聖)
ItemCandidate	1530	Name	Gonryunpasackle(聖)1
ItemCandidate	1531	Name	Gonryunpasackle(聖)2
ItemCandidate	1532	Name	Gonryunpasackle(聖)3
ItemCandidate	1533	Name	Gonryunpasackle(聖)4
ItemCandidate	1534	Name	Gonryunpasackle(聖)5
ItemCandidate	1535	Name	Gonryunpasackle(神)
ItemCandidate	1536	Name	Gonryunpasackle(神)1
ItemCandidate	1537	Name	Gonryunpasackle(神)2
ItemCandidate	1538	Name	Gonryunpasackle(神)3
ItemCandidate	1539	Name	Gonryunpasackle(神)4
ItemCandidate	1540	Name	Gonryunpasackle(神)5
ItemCandidate	1541	Name	GonryunDoubleFlower(寶)
ItemCandidate	1542	Name	GonryunDoubleFlower(寶)1
ItemCandidate	1543	Name	GonryunDoubleFlower(寶)2
ItemCandidate	1544	Name	GonryunDoubleFlower(寶物)3
ItemCandidate	1545	Name	GonryunDoubleFlower(寶)4
ItemCandidate	1546	Name	GonryunDoubleFlower(寶)5
ItemCandidate	1547	Name	GonryunYeongokhwan(聖)
ItemCandidate	1548	Name	GonryunYeongokhwan(聖)1
ItemCandidate	1549	Name	GonryunYeongokhwan(聖)2
ItemCandidate	1550	Name	GonryunYeongokhwan(聖)3
ItemCandidate	1551	Name	GonryunYeongokhwan(聖)4
ItemCandidate	1552	Name	GonryunYeongokhwan(聖)5
ItemCandidate	1553	Name	GonryunYeongokhwan(神)
ItemCandidate	1554	Name	GonryunYeongokhwan(神)1
ItemCandidate	1555	Name	GonryunYeongokhwan(神)2
ItemCandidate	1556	Name	GonryunYeongokhwan(神)3
ItemCandidate	1557	Name	GonryunYeongokhwan(神)4
ItemCandidate	1558	Name	GonryunYeongokhwan(神)5
ItemCandidate	1559	Name	DoubleFlower
ItemCandidate	1560	Name	DoubleFlower1
ItemCandidate	1561	Name	DoubleFlower2
ItemCandidate	1562	Name	DoubleFlower3
ItemCandidate	1563	Name	DoubleFlower4
ItemCandidate	1564	Name	DoubleFlower5
ItemCandidate	1565	Name	Redrecoverywater
ItemCandidate	1566	Name	Bluerecoverywater
ItemCandidate	1567	Name	(진)The essence of Doom
ItemCandidate	1568	Name	The essence of Doom
ItemCandidate	1569	Name	BallOfDoom
ItemCandidate	1570	Name	BallOfDoom1
ItemCandidate	1571	Name	BallOfDoom2
ItemCandidate	1572	Name	BallOfDoom3
ItemCandidate	1573	Name	BallOfDoom4
ItemCandidate	1574	Name	BallOfDoom5
ItemCandidate	1575	Name	Gonryunyongdrama(寶)(F)
ItemCandidate	1576	Name	Gonryunyongdrama(寶)(F)1
ItemCandidate	1577	Name	Gonryunyongdrama(寶)(F)2
ItemCandidate	1578	Name	Gonryunyongdrama(寶)(F)3
ItemCandidate	1579	Name	Gonryunyongdrama(寶)(F)4
ItemCandidate	1580	Name	Gonryunyongdrama(寶)(F)5
ItemCandidate	1581	Name	Gonryunyongdrama(寶)(M)
ItemCandidate	1582	Name	Gonryunyongdrama(寶)(M)1
ItemCandidate	1583	Name	Gonryunyongdrama(寶)(M)2
ItemCandidate	1584	Name	Gonryunyongdrama(寶)(M)3
ItemCandidate	1585	Name	Gonryunyongdrama(寶)(M)4
ItemCandidate	1586	Name	Gonryunyongdrama(寶)(M)5
ItemCandidate	1587	Name	UnstablePearll(+6)
ItemCandidate	1588	Name	UnstablePearll(+6)1
ItemCandidate	1589	Name	UnstablePearll(+6)2
ItemCandidate	1590	Name	UnstablePearll(+6)3
ItemCandidate	1591	Name	UnstablePearll(+6)4
ItemCandidate	1592	Name	UnstablePearll(+6)5
ItemCandidate	1593	Name	UnstablePearll(+3)
ItemCandidate	1594	Name	UnstablePearll(+3)1
ItemCandidate	1595	Name	UnstablePearll(+3)2
ItemCandidate	1596	Name	UnstablePearll(+3)3
ItemCandidate	1597	Name	UnstablePearll(+3)4
ItemCandidate	1598	Name	UnstablePearll(+3)5
ItemCandidate	1599	Name	TheFairyRing
ItemCandidate	1600	Name	Gonryunyongdrama(聖)(F)
ItemCandidate	1601	Name	Gonryunyongdrama(聖)(F)1
ItemCandidate	1602	Name	Gonryunyongdrama(聖)(F)2
ItemCandidate	1603	Name	Gonryunyongdrama(聖)(F)3
ItemCandidate	1604	Name	Gonryunyongdrama(聖)(F)4
ItemCandidate	1605	Name	Gonryunyongdrama(聖)(F)5
ItemCandidate	1606	Name	Gonryunyongdrama(聖)(M)
ItemCandidate	1607	Name	Gonryunyongdrama(聖)(M)1
ItemCandidate	1608	Name	Gonryunyongdrama(聖)(M)2
ItemCandidate	1609	Name	Gonryunyongdrama(聖)(M)3
ItemCandidate	1610	Name	Gonryunyongdrama(聖)(M)4
ItemCandidate	1611	Name	Gonryunyongdrama(聖)(M)5
ItemCandidate	1612	Name	(慶)TheFairyRing
ItemCandidate	1613	Name	HwayoungOkhwan
ItemCandidate	1614	Name	HwayoungOkhwan1
ItemCandidate	1615	Name	HwayoungOkhwan2
ItemCandidate	1616	Name	HwayoungOkhwan3
ItemCandidate	1617	Name	HwayoungOkhwan4
ItemCandidate	1618	Name	HwayoungOkhwan5
ItemCandidate	1619	Name	Nokyoungokhwan
ItemCandidate	1620	Name	Nokyoungokhwan1
ItemCandidate	1621	Name	Nokyoungokhwan2
ItemCandidate	1622	Name	Nokyoungokhwan3
ItemCandidate	1623	Name	Nokyoungokhwan4
ItemCandidate	1624	Name	Nokyoungokhwan5
ItemCandidate	1625	Name	PoisonDemonRing
ItemCandidate	1626	Name	PoisonDemonRing1
ItemCandidate	1627	Name	PoisonDemonRing2
ItemCandidate	1628	Name	PoisonDemonRing3
ItemCandidate	1629	Name	PoisonDemonRing4
ItemCandidate	1630	Name	PoisonDemonRing5
ItemCandidate	1631	Name	HeroRing
ItemCandidate	1632	Name	SkyHeroRing
ItemCandidate	1633	Name	StoneMonster
ItemCandidate	1634	Name	StoneMonster1
ItemCandidate	1635	Name	StoneMonster2
ItemCandidate	1636	Name	StoneMonster3
ItemCandidate	1637	Name	StoneMonster4
ItemCandidate	1638	Name	StoneMonster5
MonsterCandidate	1	Name	ArcherGuard
MonsterCandidate	2	Name	ArcherGuard1
MonsterCandidate	3	Name	Guard
MonsterCandidate	4	Name	Guard1
MonsterCandidate	5	Name	Guard2
MonsterCandidate	6	Name	Sentry
MonsterCandidate	7	Name	Trainer
MonsterCandidate	8	Name	TrainingMob
MonsterCandidate	9	Name	BoneFamiliar
MonsterCandidate	10	Name	Shinsu
MonsterCandidate	11	Name	Shinsu1
MonsterCandidate	12	Name	HolyDeva
MonsterCandidate	13	Name	Clone
MonsterCandidate	14	Name	AssassinClone
MonsterCandidate	15	Name	VampireSpider
MonsterCandidate	16	Name	SpittingToad
MonsterCandidate	17	Name	SnakeTotem
MonsterCandidate	18	Name	CharmedSnake
MonsterCandidate	19	Name	BabyPig
MonsterCandidate	20	Name	Chick
MonsterCandidate	21	Name	Kitten
MonsterCandidate	22	Name	BabySkeleton
MonsterCandidate	23	Name	Baekdon
MonsterCandidate	24	Name	Wimaen
MonsterCandidate	25	Name	BlackKitten
MonsterCandidate	26	Name	BabyDragon
MonsterCandidate	27	Name	OlympicFlame
MonsterCandidate	28	Name	BabySnowMan
MonsterCandidate	29	Name	Hen
MonsterCandidate	30	Name	Deer
MonsterCandidate	31	Name	Deer1
MonsterCandidate	32	Name	Pig
MonsterCandidate	33	Name	Bull
MonsterCandidate	34	Name	Sheep
MonsterCandidate	35	Name	Wolf
MonsterCandidate	36	Name	Currish
MonsterCandidate	37	Name	Yob
MonsterCandidate	38	Name	Yob0
MonsterCandidate	39	Name	Scarecrow
MonsterCandidate	40	Name	Scarecrow0
MonsterCandidate	41	Name	Scarecrow1
MonsterCandidate	42	Name	HookingCat
MonsterCandidate	43	Name	HookingCat0
MonsterCandidate	44	Name	RakingCat
MonsterCandidate	45	Name	RakingCat0
MonsterCandidate	46	Name	SpittingSpider
MonsterCandidate	47	Name	CannibalPlant
MonsterCandidate	48	Name	Oma
MonsterCandidate	49	Name	Oma0
MonsterCandidate	50	Name	OmaFighter
MonsterCandidate	51	Name	OmaFighter0
MonsterCandidate	52	Name	OmaWarrior
MonsterCandidate	53	Name	OmaWarrior1
MonsterCandidate	54	Name	OmaWarrior2
MonsterCandidate	55	Name	ForestYeti
MonsterCandidate	56	Name	ForestYeti0
MonsterCandidate	57	Name	FrostTiger
MonsterCandidate	58	Name	ChestnutTree
MonsterCandidate	59	Name	ChestnutTree1
MonsterCandidate	60	Name	ChestnutTree2
MonsterCandidate	61	Name	EbonyTree
MonsterCandidate	62	Name	CherryTree
MonsterCandidate	63	Name	LargeMushroom
MonsterCandidate	64	Name	RedSnake
MonsterCandidate	65	Name	RedSnake0
MonsterCandidate	66	Name	RedViper
MonsterCandidate	67	Name	TigerSnake
MonsterCandidate	68	Name	TigerSnake0
MonsterCandidate	69	Name	TigerViper
MonsterCandidate	70	Name	Keratoid
MonsterCandidate	71	Name	Keratoid0
MonsterCandidate	72	Name	ShellNipper
MonsterCandidate	73	Name	ShellNipper0
MonsterCandidate	74	Name	SkyStinger
MonsterCandidate	75	Name	SkyStinger0
MonsterCandidate	76	Name	VisceralWorm
MonsterCandidate	77	Name	SandWorm
MonsterCandidate	78	Name	GiantKeratoid
MonsterCandidate	79	Name	GiantKeratoid1
MonsterCandidate	80	Name	GiantKeratoid2
MonsterCandidate	81	Name	CaveBat
MonsterCandidate	82	Name	CaveBat0
MonsterCandidate	83	Name	CaveMaggot
MonsterCandidate	84	Name	Scorpion
MonsterCandidate	85	Name	Skeleton
MonsterCandidate	86	Name	Skeleton0
MonsterCandidate	87	Name	AxeSkeleton
MonsterCandidate	88	Name	AxeSkeleton0
MonsterCandidate	89	Name	AxeSkeleton9
MonsterCandidate	90	Name	BoneFighter
MonsterCandidate	91	Name	BoneFighter0
MonsterCandidate	92	Name	BoneWarrior
MonsterCandidate	93	Name	BoneWarrior0
MonsterCandidate	94	Name	BoneElite
MonsterCandidate	95	Name	BoneElite1
MonsterCandidate	96	Name	BoneElite2
MonsterCandidate	97	Name	BoneElite9
MonsterCandidate	98	Name	Ancient_AxeSkeleton
MonsterCandidate	99	Name	Ancient_AxeSkeleton0
MonsterCandidate	100	Name	Ancient_Skeleton
MonsterCandidate	101	Name	Ancient_Skeleton0
MonsterCandidate	102	Name	Ancient_BoneFighter
MonsterCandidate	103	Name	Ancient_BoneFighter0
MonsterCandidate	104	Name	Ancient_BoneWarrior
MonsterCandidate	105	Name	Ancient_BoneWarrior0
MonsterCandidate	106	Name	Ancient_BoneElite
MonsterCandidate	107	Name	BoneWhoo
MonsterCandidate	108	Name	Zombie1
MonsterCandidate	109	Name	Zombie10
MonsterCandidate	110	Name	Zombie2
MonsterCandidate	111	Name	Zombie20
MonsterCandidate	112	Name	Zombie3
MonsterCandidate	113	Name	Zombie30
MonsterCandidate	114	Name	Zombie4
MonsterCandidate	115	Name	Zombie40
MonsterCandidate	116	Name	Zombie5
MonsterCandidate	117	Name	Zombie50
MonsterCandidate	118	Name	Ghoul
MonsterCandidate	119	Name	Ghoul1
MonsterCandidate	120	Name	Ghoul2
MonsterCandidate	121	Name	Ghoul4
MonsterCandidate	122	Name	PriestZombie
MonsterCandidate	123	Name	PriestZombie0
MonsterCandidate	124	Name	ClZombie
MonsterCandidate	125	Name	ClZombie0
MonsterCandidate	126	Name	NdZombie
MonsterCandidate	127	Name	NdZombie0
MonsterCandidate	128	Name	CrawlerZombie
MonsterCandidate	129	Name	CrawlerZombie0
MonsterCandidate	130	Name	ShamanZombie
MonsterCandidate	131	Name	ShamanZombie0
MonsterCandidate	132	Name	RotNdZombie
MonsterCandidate	133	Name	RotShamanZombie
MonsterCandidate	134	Name	Zombie51
MonsterCandidate	135	Name	HiGreatGhoul
MonsterCandidate	136	Name	WhiteSerpent
MonsterCandidate	137	Name	Ghoul10
MonsterCandidate	138	Name	BlueViper
MonsterCandidate	139	Name	BlueViper0
MonsterCandidate	140	Name	YellowViper
MonsterCandidate	141	Name	YellowViper0
MonsterCandidate	142	Name	GuardianViper
MonsterCandidate	143	Name	Yimoogi
MonsterCandidate	144	Name	TreasureBox
MonsterCandidate	145	Name	EliteArcher
MonsterCandidate	146	Name	EliteStatue
MonsterCandidate	147	Name	EliteGuardian
MonsterCandidate	148	Name	EvilSpider
MonsterCandidate	149	Name	EvilHog
MonsterCandidate	150	Name	BlackMaggot
MonsterCandidate	151	Name	BlackMaggot0
MonsterCandidate	152	Name	Centipede
MonsterCandidate	153	Name	Centipede0
MonsterCandidate	154	Name	GiantWorm
MonsterCandidate	155	Name	GiantWorm0
MonsterCandidate	156	Name	WhimperingBee
MonsterCandidate	157	Name	WhimperingBee0
MonsterCandidate	158	Name	Tongs
MonsterCandidate	159	Name	Tongs0
MonsterCandidate	160	Name	EvilTongs
MonsterCandidate	161	Name	EvilTongs1
MonsterCandidate	162	Name	EvilTongs2
MonsterCandidate	163	Name	EvilTongs9
MonsterCandidate	164	Name	EvilCentipede
MonsterCandidate	165	Name	WedgeMoth
MonsterCandidate	166	Name	BugBat
MonsterCandidate	167	Name	BugBatMaggot
MonsterCandidate	168	Name	RedBoar
MonsterCandidate	169	Name	RedBoar0
MonsterCandidate	170	Name	RedBoar3
MonsterCandidate	171	Name	BlackBoar
MonsterCandidate	172	Name	BlackBoar0
MonsterCandidate	173	Name	BlackBoar3
MonsterCandidate	174	Name	WhiteBoar
MonsterCandidate	175	Name	WhiteBoar0
MonsterCandidate	176	Name	WhiteBoar1
MonsterCandidate	177	Name	SnakeScorpion
MonsterCandidate	178	Name	SnakeScorpion0
MonsterCandidate	179	Name	SnakeScorpion3
MonsterCandidate	180	Name	EvilSnake
MonsterCandidate	181	Name	EvilSnake1
MonsterCandidate	182	Name	Ancient_BlackMaggot
MonsterCandidate	183	Name	Ancient_BlackMaggot0
MonsterCandidate	184	Name	Ancient_SnakeScorpion
MonsterCandidate	185	Name	Ancient_SnakeScorpion0
MonsterCandidate	186	Name	Ancient_RedBoar
MonsterCandidate	187	Name	Ancient_RedBoar0
MonsterCandidate	188	Name	Ancient_BlackBoar
MonsterCandidate	189	Name	Ancient_BlackBoar0
MonsterCandidate	190	Name	Ancient_WhiteBoar
MonsterCandidate	191	Name	Ancient_KingHog
MonsterCandidate	192	Name	GiantRat
MonsterCandidate	193	Name	GiantRat0
MonsterCandidate	194	Name	ZumaArcher
MonsterCandidate	195	Name	ZumaArcher0
MonsterCandidate	196	Name	ZumaArcher3
MonsterCandidate	197	Name	ZumaStatue
MonsterCandidate	198	Name	ZumaStatue0
MonsterCandidate	199	Name	ZumaStatue3
MonsterCandidate	200	Name	ZumaGuardian
MonsterCandidate	201	Name	ZumaGuardian0
MonsterCandidate	202	Name	ZumaGuardian3
MonsterCandidate	203	Name	ZumaGuardian00
MonsterCandidate	204	Name	RedThunderZuma
MonsterCandidate	205	Name	ZumaTaurus
MonsterCandidate	206	Name	ZumaTaurus9
MonsterCandidate	207	Name	Ancient_GiantRat
MonsterCandidate	208	Name	Ancient_GiantRat0
MonsterCandidate	209	Name	Ancient_ZumaArcher
MonsterCandidate	210	Name	Ancient_ZumaArcher0
MonsterCandidate	211	Name	Ancient_ZumaStatue
MonsterCandidate	212	Name	Ancient_ZumaStatue0
MonsterCandidate	213	Name	Ancient_ZumaGuardian
MonsterCandidate	214	Name	Ancient_ZumaGuardian0
MonsterCandidate	215	Name	Ancient_RedThunderZuma
MonsterCandidate	216	Name	RedFoxMan
MonsterCandidate	217	Name	BlackFoxMan
MonsterCandidate	218	Name	WhiteFoxMan
MonsterCandidate	219	Name	TrapRock
MonsterCandidate	220	Name	TrapRock1
MonsterCandidate	221	Name	GuardianRock
MonsterCandidate	222	Name	ElectricElement
MonsterCandidate	223	Name	CloudElement
MonsterCandidate	224	Name	HedgeKekTal
MonsterCandidate	225	Name	BigHedgeKekTal
MonsterCandidate	226	Name	BrownFrogSpider
MonsterCandidate	227	Name	RedFrogSpider
MonsterCandidate	228	Name	GreatFoxSpirit
MonsterCandidate	229	Name	SpiderFrog
MonsterCandidate	230	Name	SpiderFrog0
MonsterCandidate	231	Name	HoroBlaster
MonsterCandidate	232	Name	HoroBlaster0
MonsterCandidate	233	Name	BlueHoroBlaster
MonsterCandidate	234	Name	BlueHoroBlaster0
MonsterCandidate	235	Name	KekTal
MonsterCandidate	236	Name	KekTal0
MonsterCandidate	237	Name	VioletKekTal
MonsterCandidate	238	Name	VioletKekTal0
MonsterCandidate	239	Name	Khazard
MonsterCandidate	240	Name	Dark
MonsterCandidate	241	Name	Dark0
MonsterCandidate	242	Name	Dung
MonsterCandidate	243	Name	Dung0
MonsterCandidate	244	Name	WoomaSoldier
MonsterCandidate	245	Name	WoomaSoldier0
MonsterCandidate	246	Name	WoomaFighter
MonsterCandidate	247	Name	WoomaFighter0
MonsterCandidate	248	Name	WoomaWarrior
MonsterCandidate	249	Name	WoomaWarrior0
MonsterCandidate	250	Name	FlamingWooma
MonsterCandidate	251	Name	FlamingWooma0
MonsterCandidate	252	Name	FlamingWooma2
MonsterCandidate	253	Name	WoomaGuardian
MonsterCandidate	254	Name	WoomaGuardian1
MonsterCandidate	255	Name	WoomaGuardian2
MonsterCandidate	256	Name	WoomaTaurus
MonsterCandidate	257	Name	WoomaTaurus1
MonsterCandidate	258	Name	WoomaTaurus9
MonsterCandidate	259	Name	Ancient_WoomaSoldier
MonsterCandidate	260	Name	Ancient_WoomaFighter
MonsterCandidate	261	Name	Ancient_WoomaWarrior
MonsterCandidate	262	Name	Ancient_FlamingWooma
MonsterCandidate	263	Name	Ancient_WoomaGuardian
MonsterCandidate	264	Name	Ancient_WoomaTaurus
MonsterCandidate	265	Name	EvilTongs20
MonsterCandidate	266	Name	EvilTongs21
MonsterCandidate	267	Name	EvilSnake20
MonsterCandidate	268	Name	EvilSnake21
MonsterCandidate	269	Name	Ghoul20
MonsterCandidate	270	Name	Ghoul21
MonsterCandidate	271	Name	ZumaArcher20
MonsterCandidate	272	Name	ZumaArcher21
MonsterCandidate	273	Name	ZumaStatue20
MonsterCandidate	274	Name	ZumaStatue21
MonsterCandidate	275	Name	ZumaGuardian20
MonsterCandidate	276	Name	ZumaGuardian21
MonsterCandidate	277	Name	WhiteBoar20
MonsterCandidate	278	Name	WhiteBoar21
MonsterCandidate	279	Name	WoomaGuardian5
MonsterCandidate	280	Name	WoomaGuardian6
MonsterCandidate	281	Name	KingScorpion
MonsterCandidate	282	Name	KingHog
MonsterCandidate	283	Name	IncarnatedWT
MonsterCandidate	284	Name	IncarnatedZT
MonsterCandidate	285	Name	DarkDevil
MonsterCandidate	286	Name	BloodPriest
MonsterCandidate	287	Name	BloodPriest0
MonsterCandidate	288	Name	CursedShaman
MonsterCandidate	289	Name	CursedShaman0
MonsterCandidate	290	Name	CursedPriest
MonsterCandidate	291	Name	CursedPriest0
MonsterCandidate	292	Name	CursedZombie
MonsterCandidate	293	Name	CursedZombie0
MonsterCandidate	294	Name	HungryZombie
MonsterCandidate	295	Name	HungryZombie0
MonsterCandidate	296	Name	ShiZombie
MonsterCandidate	297	Name	ShiZombie0
MonsterCandidate	298	Name	ToxicZombie
MonsterCandidate	299	Name	ToxicZombie0
MonsterCandidate	300	Name	GreatGhoul
MonsterCandidate	301	Name	BombSpider
MonsterCandidate	302	Name	RootSpider
MonsterCandidate	303	Name	SpiderBat
MonsterCandidate	304	Name	VenomSpider
MonsterCandidate	305	Name	VenomSpider0
MonsterCandidate	306	Name	VenomSpider3
MonsterCandidate	307	Name	GangSpider
MonsterCandidate	308	Name	GangSpider0
MonsterCandidate	309	Name	GangSpider3
MonsterCandidate	310	Name	GreatSpider
MonsterCandidate	311	Name	GreatSpider0
MonsterCandidate	312	Name	GreatSpider3
MonsterCandidate	313	Name	LureSpider
MonsterCandidate	314	Name	LureSpider0
MonsterCandidate	315	Name	LureSpider3
MonsterCandidate	316	Name	BigApe
MonsterCandidate	317	Name	BigApe0
MonsterCandidate	318	Name	BigApe3
MonsterCandidate	319	Name	EvilApe
MonsterCandidate	320	Name	EvilApe0
MonsterCandidate	321	Name	GreyEvilApe
MonsterCandidate	322	Name	RedEvilApe
MonsterCandidate	323	Name	CrystalSpider
MonsterCandidate	324	Name	RedMoonEvil
MonsterCandidate	325	Name	RedMoonEvil1
MonsterCandidate	326	Name	EvilApeSobo
MonsterCandidate	327	Name	EvilBigApe
MonsterCandidate	328	Name	ValeBat
MonsterCandidate	329	Name	ValeBat2
MonsterCandidate	330	Name	Weaver
MonsterCandidate	331	Name	VenomWeaver
MonsterCandidate	332	Name	CrackingWeaver
MonsterCandidate	333	Name	ArmingWeaver
MonsterCandidate	334	Name	CrystalWeaver
MonsterCandidate	335	Name	GreaterWeaver
MonsterCandidate	336	Name	SpiderWarrior
MonsterCandidate	337	Name	SpiderBarbarian
MonsterCandidate	339	Name	FlyingStatue
MonsterCandidate	340	Name	StoningStatue
MonsterCandidate	341	Name	ToxicGhoul
MonsterCandidate	342	Name	ToxicGhoul0
MonsterCandidate	343	Name	RoninGhoul
MonsterCandidate	344	Name	RoninGhoul0
MonsterCandidate	345	Name	BoneArcher
MonsterCandidate	346	Name	BoneArcher0
MonsterCandidate	347	Name	BoneBlademan
MonsterCandidate	348	Name	BoneBlademan0
MonsterCandidate	349	Name	BoneSpearman
MonsterCandidate	350	Name	BoneSpearman0
MonsterCandidate	351	Name	BoneCaptain
MonsterCandidate	352	Name	BoneCaptain0
MonsterCandidate	353	Name	BoneLord
MonsterCandidate	354	Name	Ancient_ToxicGhoul
MonsterCandidate	355	Name	Ancient_RoninGhoul
MonsterCandidate	356	Name	Ancient_BoneArcher
MonsterCandidate	357	Name	Ancient_BoneBlademan
MonsterCandidate	358	Name	Ancient_BoneSpearman
MonsterCandidate	359	Name	Ancient_BoneCaptain
MonsterCandidate	360	Name	Ancient_BoneLord
MonsterCandidate	361	Name	Minotaur
MonsterCandidate	362	Name	Minotaur0
MonsterCandidate	363	Name	IceMinotaur
MonsterCandidate	364	Name	IceMinotaur0
MonsterCandidate	365	Name	ElectricMinotaur
MonsterCandidate	366	Name	ElectricMinotaur0
MonsterCandidate	367	Name	WindMinotaur
MonsterCandidate	368	Name	WindMinotaur0
MonsterCandidate	369	Name	FireMinotaur
MonsterCandidate	370	Name	FireMinotaur0
MonsterCandidate	371	Name	RightGuard
MonsterCandidate	372	Name	RightGuard0
MonsterCandidate	373	Name	LeftGuard
MonsterCandidate	374	Name	LeftGuard0
MonsterCandidate	375	Name	MinotaurKing
MonsterCandidate	376	Name	AxeOma
MonsterCandidate	377	Name	AxeOma0
MonsterCandidate	378	Name	SwordOma
MonsterCandidate	379	Name	SwordOma0
MonsterCandidate	380	Name	CrossbowOma
MonsterCandidate	381	Name	CrossbowOma0
MonsterCandidate	382	Name	WingedOma
MonsterCandidate	383	Name	WingedOma0
MonsterCandidate	384	Name	FlailOma
MonsterCandidate	385	Name	FlailOma0
MonsterCandidate	386	Name	OmaGuard
MonsterCandidate	387	Name	OmaGuard0
MonsterCandidate	388	Name	YinDevilNode
MonsterCandidate	389	Name	YangDevilNode
MonsterCandidate	390	Name	OmaKing
MonsterCandidate	391	Name	OmaKingSpirit
MonsterCandidate	392	Name	EvilMir
MonsterCandidate	393	Name	00
MonsterCandidate	394	Name	MirStatue
MonsterCandidate	395	Name	ManectricHammer
MonsterCandidate	396	Name	ManectricClub
MonsterCandidate	397	Name	ManectricClaw
MonsterCandidate	398	Name	ManectricStaff
MonsterCandidate	399	Name	ManectricSlave
MonsterCandidate	400	Name	Demon1
MonsterCandidate	401	Name	Demon2
MonsterCandidate	402	Name	ManectricBlest
MonsterCandidate	403	Name	ManectricKing
MonsterCandidate	404	Name	FrozenDoor
MonsterCandidate	405	Name	IcePilar
MonsterCandidate	406	Name	GhastlyLeecher
MonsterCandidate	407	Name	MutatedManworm
MonsterCandidate	408	Name	CrazyManworm
MonsterCandidate	409	Name	CyanoGhast
MonsterCandidate	410	Name	DreamDevourer
MonsterCandidate	411	Name	DarkDevourer
MonsterCandidate	412	Name	HellSlasher
MonsterCandidate	413	Name	HellPirate
MonsterCandidate	414	Name	HellCannibal
MonsterCandidate	415	Name	HellBolt
MonsterCandidate	416	Name	WitchDoctor
MonsterCandidate	417	Name	CaveWitch
MonsterCandidate	418	Name	HellKeeper
MonsterCandidate	419	Name	MubZombie
MonsterCandidate	420	Name	FrozenZombie
MonsterCandidate	421	Name	DemonWolf
MonsterCandidate	422	Name	UndeadWolf
MonsterCandidate	423	Name	WhiteMammoth
MonsterCandidate	424	Name	DarkBeast
MonsterCandidate	425	Name	LightBeast
MonsterCandidate	426	Name	BloodBaboon
MonsterCandidate	427	Name	HardenRhino
MonsterCandidate	428	Name	DeathCrawler
MonsterCandidate	429	Name	BurningZombie
MonsterCandidate	430	Name	AncBringer
MonsterCandidate	431	Name	BeastKing
MonsterCandidate	432	Name	Hydra
MonsterCandidate	433	Name	SmallDrake
MonsterCandidate	434	Name	Manticore
MonsterCandidate	435	Name	KeelWarrior
MonsterCandidate	436	Name	KeelArcher
MonsterCandidate	437	Name	SandStorm
MonsterCandidate	438	Name	Lamia
MonsterCandidate	439	Name	Slave2
MonsterCandidate	440	Name	FineSoul
MonsterCandidate	441	Name	Bear
MonsterCandidate	442	Name	TurtleGrass
MonsterCandidate	443	Name	Leopard
MonsterCandidate	444	Name	Minion_Warrior
MonsterCandidate	445	Name	Minion_Warlock
MonsterCandidate	446	Name	Minion_Priest
MonsterCandidate	447	Name	Minion_Rouge
MonsterCandidate	448	Name	Chieftain_Warrior
MonsterCandidate	449	Name	Chieftain_Warlock
MonsterCandidate	450	Name	Chieftain_Priest
MonsterCandidate	451	Name	Chieftain_Rouge
MonsterCandidate	452	Name	Chieftain_Archer
MonsterCandidate	453	Name	Master_DragonYang
MonsterCandidate	454	Name	Jar1
MonsterCandidate	455	Name	Jar2
MonsterCandidate	456	Name	FightingCat
MonsterCandidate	457	Name	FireCat
MonsterCandidate	458	Name	CatWidow
MonsterCandidate	459	Name	StainHammerCat
MonsterCandidate	460	Name	BlackHammerCat
MonsterCandidate	461	Name	StrayCat
MonsterCandidate	462	Name	CatShaman
MonsterCandidate	463	Name	SeedingsGeneral
MonsterCandidate	464	Name	RestlessJar
MonsterCandidate	465	Name	GeneralMeowMeow
MonsterCandidate	466	Name	TucsonEgg
MonsterCandidate	467	Name	YoungTucson
MonsterCandidate	468	Name	Armadillo
MonsterCandidate	469	Name	ArmadilloElder
MonsterCandidate	470	Name	VisceralWorm2
MonsterCandidate	471	Name	SandSnail
MonsterCandidate	472	Name	CannibalTentacles
MonsterCandidate	473	Name	Tucson
MonsterCandidate	474	Name	TucsonFighter
MonsterCandidate	475	Name	TucsonMage
MonsterCandidate	476	Name	TucsonWarrior
MonsterCandidate	477	Name	TucsonGeneral
MonsterCandidate	478	Name	FrozenSolider
MonsterCandidate	479	Name	FrozenFighter
MonsterCandidate	480	Name	FrozenArcher
MonsterCandidate	481	Name	FrozenKnight
MonsterCandidate	482	Name	FrozenGolem
MonsterCandidate	483	Name	IcePhantom
MonsterCandidate	484	Name	SnowWolf
MonsterCandidate	485	Name	FrozenWarewolf
MonsterCandidate	486	Name	FrozenMiner
MonsterCandidate	487	Name	FrozenAxeman
MonsterCandidate	488	Name	FrozenMagician
MonsterCandidate	489	Name	SnowYeti
MonsterCandidate	490	Name	IceCrystalSolider
MonsterCandidate	491	Name	DarkWraith
MonsterCandidate	492	Name	DarkSpirit
MonsterCandidate	493	Name	SinseokMiner
MonsterCandidate	494	Name	BloodyLureSpider
MonsterCandidate	495	Name	GhostZombie
MonsterCandidate	496	Name	DarkPriestZombie
MonsterCandidate	497	Name	ChainGhoul
MonsterCandidate	498	Name	Guard3
MonsterCandidate	499	Name	ArcherGuard3
MonsterCandidate	500	Name	GameShop_Guard
MonsterCandidate	501	Name	Football
MonsterCandidate	502	Name	Royal_Guard
MonsterCandidate	503	Name	Royal_Archer
MonsterCandidate	504	Name	Royal_Lieutenant
MonsterCandidate	505	Name	PKSpirit
MonsterCandidate	506	Name	Frog
MonsterCandidate	512	Name	RedTurtle
MonsterCandidate	513	Name	GreenTurtle
MonsterCandidate	514	Name	BlueTurtle
MonsterCandidate	515	Name	TowerTurtle
MonsterCandidate	516	Name	FinialTurtle
MonsterCandidate	517	Name	Hugger
MonsterCandidate	518	Name	PoisonHugger
MonsterCandidate	519	Name	MutatedHugger
MonsterCandidate	520	Name	HellKnight1
MonsterCandidate	521	Name	HellKnight2
MonsterCandidate	522	Name	HellKnight3
MonsterCandidate	523	Name	HellKnight4
MonsterCandidate	524	Name	HellBomb1
MonsterCandidate	525	Name	HellBomb2
MonsterCandidate	526	Name	HellBomb3
MonsterCandidate	527	Name	HellLord
MonsterCandidate	537	Name	Hydrax
MonsterCandidate	538	Name	HornedSorceror
MonsterCandidate	540	Name	HornedArcher
MonsterCandidate	541	Name	HornedCommander
MonsterCandidate	542	Name	HornedMage
MonsterCandidate	544	Name	HornedWarrior
MonsterCandidate	545	Name	BoulderSpirit
MonsterCandidate	546	Name	WarriorScroll
MonsterCandidate	547	Name	TaoistScroll
MonsterCandidate	548	Name	WizardScroll
MonsterCandidate	549	Name	AssassinScroll
MonsterCandidate	550	Name	ZumaStatue22
MonsterCandidate	551	Name	ZumaGuardian22
MonsterCandidate	552	Name	ZumaArcher22
MonsterCandidate	553	Name	WedgeMoth22
MonsterCandidate	554	Name	Michelangelo
MonsterCandidate	555	Name	Raphael
MonsterCandidate	556	Name	Donatello
MonsterCandidate	557	Name	BoneSpearman22
MonsterCandidate	558	Name	BoneBlademan22
MonsterCandidate	559	Name	BoneArcher22
MonsterCandidate	560	Name	BoneCaptain22
MonsterCandidate	561	Name	SeaTurtle
MonsterCandidate	562	Name	TreeQueen
MonsterCandidate	563	Name	Ancient_ZumaTaurus
MonsterCandidate	564	Name	Frozen_ZumaStatue
MonsterCandidate	565	Name	Frozen_ZumaGuardian
MonsterCandidate	566	Name	Frozen_RedZuma
MonsterCandidate	567	Name	StoneTrap
MonsterCandidate	568	Name	SabukGate
MonsterCandidate	569	Name	PalaceWallLeft
MonsterCandidate	570	Name	PalaceWall1
MonsterCandidate	571	Name	PalaceWall2
MonsterCandidate	572	Name	MudZombie
NPCCandidate	1	Name	Teleport_Gilbert
NPCCandidate	2	Name	BorderVillage_Board
NPCCandidate	3	Name	Assistant_Jane
NPCCandidate	4	Name	CraftsLady_Jude
NPCCandidate	5	Name	Blacksmith_Smith
NPCCandidate	6	Name	Librarian_Brian
NPCCandidate	7	Name	Merchant_John
NPCCandidate	8	Name	Merchant_Whitney
NPCCandidate	9	Name	Merchant_Ruben
NPCCandidate	10	Name	InnKeeper_Anthony
NPCCandidate	11	Name	Merchant_Alice
NPCCandidate	12	Name	Merchant_Betty
NPCCandidate	13	Name	Merchant_Clara
NPCCandidate	14	Name	Prison_Guard
NPCCandidate	15	Name	Sailor_Rupert
NPCCandidate	16	Name	Master_Wa
NPCCandidate	17	Name	HighPriest_Jude
NPCCandidate	18	Name	_Shinsu(Jude)
NPCCandidate	19	Name	HighAssassin_Cloud
NPCCandidate	20	Name	Captain_Jerald
NPCCandidate	21	Name	MasterMage_Don
NPCCandidate	22	Name	Teleport_Jason
NPCCandidate	23	Name	Teleport_Harrison
NPCCandidate	24	Name	Teleport_Kyle
NPCCandidate	25	Name	Merchant_Sarah
NPCCandidate	26	Name	Merchant_Kim
NPCCandidate	27	Name	Blacksmith_Bill
NPCCandidate	28	Name	Alchemist_Samuel
NPCCandidate	29	Name	Alchemist_Larry
NPCCandidate	30	Name	Specialist_Travis
NPCCandidate	31	Name	InnKeeper_Brittney
NPCCandidate	32	Name	InnKeeper_Mary
NPCCandidate	33	Name	Merchant_Bull
NPCCandidate	34	Name	Lottery_Eddie
NPCCandidate	35	Name	BichonWall_Board
NPCCandidate	36	Name	MaterialDealer_Jeffery
NPCCandidate	37	Name	MirGuide_Peter
NPCCandidate	38	Name	Examiner_Tony
NPCCandidate	39	Name	WiseFisherman_Albert
NPCCandidate	40	Name	StableGirl_Mary
NPCCandidate	41	Name	Solider_Richard
NPCCandidate	42	Name	TrustMerchant_James
NPCCandidate	43	Name	GTMerchant_Jamie
NPCCandidate	44	Name	Administrator_Edward
NPCCandidate	45	Name	Librarian_Steven
NPCCandidate	46	Name	Merchant_Vincent
NPCCandidate	47	Name	Merchant_Olivia
NPCCandidate	48	Name	Merchant_Diana
NPCCandidate	49	Name	Merchant_Kristin
NPCCandidate	50	Name	Merchant_Anne
NPCCandidate	51	Name	Challange_OldMan
NPCCandidate	52	Name	MongchonScout_Brian
NPCCandidate	53	Name	Sir_Mogu
NPCCandidate	54	Name	SubjagationManager_James
NPCCandidate	55	Name	CraftsLady_Alice
NPCCandidate	56	Name	Master_Joffrey
NPCCandidate	57	Name	Assistant_Julie
NPCCandidate	58	Name	PetMaster_Andy
NPCCandidate	59	Name	Merchant_Glenn
NPCCandidate	60	Name	Premium_Elijah
NPCCandidate	61	Name	Emperor_Far
NPCCandidate	62	Name	Commander_Luke
NPCCandidate	63	Name	Storage_Jake
NPCCandidate	64	Name	StrangeMan
NPCCandidate	65	Name	WickedTrader_James
NPCCandidate	66	Name	OldSkeleton
NPCCandidate	67	Name	MysteriousStone
NPCCandidate	68	Name	Merchant_Hans
NPCCandidate	69	Name	Merchant_Jang
NPCCandidate	70	Name	Merchant_Helen
NPCCandidate	71	Name	Master_Shok
NPCCandidate	72	Name	Merchant_Julia
NPCCandidate	73	Name	SubjugationLead_Eric
NPCCandidate	74	Name	Traveller_Soho
NPCCandidate	75	Name	MysteriousStone
NPCCandidate	76	Name	InnKeeper_Helen
NPCCandidate	77	Name	Merchant_Belina
NPCCandidate	78	Name	Merchant_Satin
NPCCandidate	79	Name	Merchant_Derby
NPCCandidate	80	Name	Merchant_Jim
NPCCandidate	81	Name	Merchant_Monica
NPCCandidate	82	Name	Merchant_Murray
NPCCandidate	83	Name	Specialist_Kimberly
NPCCandidate	84	Name	Merchant_Gerald
NPCCandidate	85	Name	Blacksmith_Wayne
NPCCandidate	86	Name	Teleport_Denzel
NPCCandidate	87	Name	CraftsLady_Jane
NPCCandidate	88	Name	TrustMerchant_Patrick
NPCCandidate	89	Name	Merchant_Jerald
NPCCandidate	90	Name	Merchant_Jerry
NPCCandidate	91	Name	Merchant_Ken
NPCCandidate	92	Name	Merchant_Sam
NPCCandidate	93	Name	Merchant_Janey
NPCCandidate	94	Name	Specialist_Eugene
NPCCandidate	95	Name	Librarian_Huxley
NPCCandidate	96	Name	Warehouse_Hubert
NPCCandidate	97	Name	Master_Perry
NPCCandidate	98	Name	Apprentice
NPCCandidate	99	Name	Apprentice
NPCCandidate	100	Name	Apprentice
NPCCandidate	101	Name	Apprentice
NPCCandidate	102	Name	Apprentice
NPCCandidate	103	Name	Apprentice
NPCCandidate	104	Name	TrainerTaoist
NPCCandidate	105	Name	Apprentice
NPCCandidate	106	Name	Apprentice
NPCCandidate	107	Name	Apprentice
NPCCandidate	108	Name	Apprentice
NPCCandidate	109	Name	Apprentice
NPCCandidate	110	Name	Apprentice
NPCCandidate	111	Name	TrainerTaoist
NPCCandidate	112	Name	BigTaoist
NPCCandidate	113	Name	MaterialDealer_Alex
NPCCandidate	114	Name	Signpost
NPCCandidate	115	Name	Teleport_Sigmund
NPCCandidate	116	Name	MasterMK_Deric
NPCCandidate	117	Name	Investigator_David
NPCCandidate	118	Name	LeadTrainer_Harry
NPCCandidate	119	Name	BrokenCarriage
NPCCandidate	120	Name	CaveGuide_Paddy
NPCCandidate	121	Name	Pillar
NPCCandidate	122	Name	CrushedBones
NPCCandidate	123	Name	Merchant_Cook
NPCCandidate	124	Name	Merchant_Carratt
NPCCandidate	125	Name	Warehouse_Clair
NPCCandidate	126	Name	Signpost
NPCCandidate	127	Name	Pillar
NPCCandidate	128	Name	Merchant_Robert
NPCCandidate	129	Name	Merchant_Melissa
NPCCandidate	130	Name	InnKeeper_Nicole
NPCCandidate	131	Name	Transport_Chandler
NPCCandidate	132	Name	Signpost
NPCCandidate	133	Name	MirGuide_James
NPCCandidate	134	Name	Merchant_Dr.Kim
NPCCandidate	135	Name	Merchant_Bradley
NPCCandidate	136	Name	CraftsLady_Victoria
NPCCandidate	137	Name	VulnerableSon_Alfie
NPCCandidate	138	Name	SkullPile
NPCCandidate	139	Name	Mysterious_Yu
NPCCandidate	140	Name	OldSkull
NPCCandidate	141	Name	SkeletonPile
NPCCandidate	142	Name	InnKeeper_Jessica
NPCCandidate	143	Name	Merchant_Kevin
NPCCandidate	144	Name	Merchant_Rupert
NPCCandidate	145	Name	Merchant_Daniel
NPCCandidate	146	Name	Transport_Edwin
NPCCandidate	147	Name	Merchant_Walter
NPCCandidate	148	Name	MudWall_Board
NPCCandidate	149	Name	TrustMerchant_Jake
NPCCandidate	150	Name	MirGuide_Stephen
NPCCandidate	151	Name	InnKeeper_Ruben
NPCCandidate	152	Name	Merchant_Jennifer
NPCCandidate	153	Name	Merchant_Laura
NPCCandidate	154	Name	Merchant_Michelle
NPCCandidate	155	Name	Merchant_Tiffany
NPCCandidate	156	Name	Merchant_Kelly
NPCCandidate	157	Name	Merchant_Rachel
NPCCandidate	158	Name	Merchant_Bruce
NPCCandidate	159	Name	Merchant_Raymond
NPCCandidate	160	Name	Lottery_Charley
NPCCandidate	161	Name	CraftsLady_Louise
NPCCandidate	162	Name	GTMerchant_Graeme
NPCCandidate	163	Name	InnKeeper_Robin
NPCCandidate	164	Name	MongchonDelegate_Michael
NPCCandidate	165	Name	Merchant_Milton
NPCCandidate	166	Name	Merchant_Mr.Wang
NPCCandidate	167	Name	Blacksmith_Dean
NPCCandidate	168	Name	Merchant_Bill
NPCCandidate	169	Name	Merchant_Sandra
NPCCandidate	170	Name	Merchant_Debora
NPCCandidate	171	Name	Specialist_Milton
NPCCandidate	172	Name	Merchant_Harry
NPCCandidate	173	Name	InnKeeper_Vicky
NPCCandidate	174	Name	Merchant_Cindy
NPCCandidate	175	Name	Merchant_Sarah
NPCCandidate	176	Name	Merchant_Peggy
NPCCandidate	177	Name	Blacksmith_Carlos
NPCCandidate	178	Name	Protector_James
NPCCandidate	179	Name	WierdPillar
NPCCandidate	180	Name	StrangePillar
NPCCandidate	181	Name	MysteriousPillar
NPCCandidate	182	Name	Ashes
NPCCandidate	183	Name	Drapery_Maximus
NPCCandidate	184	Name	LostSoul
NPCCandidate	185	Name	Bones
NPCCandidate	186	Name	GuardianRock
NPCCandidate	187	Name	MysteriousStone
NPCCandidate	188	Name	MysteriousStone
NPCCandidate	189	Name	Merchant_Grace
NPCCandidate	190	Name	Merchant_Emily
NPCCandidate	191	Name	Merchant_Susan
NPCCandidate	192	Name	Merchant_Keith
NPCCandidate	193	Name	Merchant_Bart
NPCCandidate	194	Name	OldFisherman_Frank
NPCCandidate	195	Name	Merchant_Sandford
NPCCandidate	196	Name	Specialist_Kurtis
NPCCandidate	197	Name	Warehouse_Heather
NPCCandidate	198	Name	BichonInspector_Anthony
NPCCandidate	199	Name	Signpost
NPCCandidate	200	Name	Sailor_Raymond
NPCCandidate	201	Name	Inspector_Peter
NPCCandidate	202	Name	OddOldMan
NPCCandidate	203	Name	CraftsLady_Kimberly
NPCCandidate	204	Name	TrustMerchant_Joseph
NPCCandidate	205	Name	GTMerchant_Robert
NPCCandidate	206	Name	MirGuide_Edward
NPCCandidate	207	Name	VillageChief_Andrew
NPCCandidate	208	Name	TimeStone
NPCCandidate	209	Name	MysteriousStone
NPCCandidate	210	Name	Merchant_James
NPCCandidate	211	Name	Merchant_Dustin
NPCCandidate	212	Name	Merchant_Jack
NPCCandidate	213	Name	Merchant_Harvey
NPCCandidate	214	Name	Merchant_Gordon
NPCCandidate	215	Name	Warehouse_Stanislav
NPCCandidate	216	Name	CraftsLady_Christine
NPCCandidate	217	Name	TrustMerchant_Terry
NPCCandidate	218	Name	GTMerchant_Roger
NPCCandidate	219	Name	LeftEscort_Carl
NPCCandidate	220	Name	RightEscort_Martin
NPCCandidate	221	Name	General_Sir.Kevin
NPCCandidate	222	Name	TimeStone
NPCCandidate	223	Name	ChaosNode
NPCCandidate	224	Name	Merchant_Yang
NPCCandidate	225	Name	Merchant_Jene
NPCCandidate	226	Name	Merchant_June
NPCCandidate	227	Name	BichonSoldier_Frank
NPCCandidate	228	Name	Merchant_Paddy
NPCCandidate	229	Name	Merchant_Dr.Hwa
NPCCandidate	230	Name	Excavenger_Stuart
NPCCandidate	231	Name	PotionShop_Samuel
NPCCandidate	232	Name	Grocery_Bull
NPCCandidate	233	Name	Sailor_Alfred
NPCCandidate	234	Name	Storage_Jon
NPCCandidate	235	Name	Blacksmith_Kieron
NPCCandidate	236	Name	Drapery_Amanda
NPCCandidate	237	Name	Accessory_Abbigale
NPCCandidate	238	Name	Book_Vivian
NPCCandidate	239	Name	General_Martyn
NPCCandidate	240	Name	FishMonger_Laura
NPCCandidate	241	Name	Captain_Andrew
NPCCandidate	242	Name	Signpost
NPCCandidate	243	Name	TrustMerchant_Michael
NPCCandidate	244	Name	TheWatcher_Jacob
NPCCandidate	245	Name	SquadLeader_Dolby
NPCCandidate	246	Name	Monument
NPCCandidate	247	Name	MissDo
NPCCandidate	248	Name	MissMi
NPCCandidate	249	Name	MissRe
NPCCandidate	250	Name	Proceeder
NPCCandidate	251	Name	Proceeder
NPCCandidate	252	Name	Proceeder
NPCCandidate	253	Name	GM_Bracelet
NPCCandidate	254	Name	GM_Necklace
NPCCandidate	255	Name	GM_Ring
NPCCandidate	256	Name	GM_Armour
NPCCandidate	257	Name	GM_Boot
NPCCandidate	258	Name	GM_Belt
NPCCandidate	259	Name	GM_Helmet
NPCCandidate	260	Name	GM_Weapon
NPCCandidate	261	Name	GM_Book
NPCCandidate	262	Name	GM_Stone
NPCCandidate	263	Name	GM_Gem
NPCCandidate	264	Name	GM_Meat
NPCCandidate	265	Name	GM_Grocery
NPCCandidate	266	Name	GM_Potion
NPCCandidate	267	Name	GM_CraftingMaterial
NPCCandidate	268	Name	GM_Fishing
NPCCandidate	269	Name	GM_Mount
NPCCandidate	270	Name	GM_Ore
NPCCandidate	271	Name	GM_Script
NPCCandidate	272	Name	GM_Nothing
NPCCandidate	273	Name	GM_Quest
NPCCandidate	274	Name	GM_Awakening
NPCCandidate	275	Name	GM_Manager
NPCCandidate	276	Name	CraftingVillage_Portal
NPCCandidate	277	Name	CraftingVillage_Portal
NPCCandidate	278	Name	CraftingVillage_Portal
NPCCandidate	279	Name	CraftingVillage_Portal
NPCCandidate	280	Name	CraftingVillage_Portal
NPCCandidate	281	Name	CraftingVillage_Portal
NPCCandidate	282	Name	CraftingVillage_Portal
NPCCandidate	283	Name	TravellingMerchant_Damian
NPCCandidate	284	Name	TravellingMerchant_Damian
NPCCandidate	285	Name	TravellingMerchant_Damian
NPCCandidate	286	Name	TravellingMerchant_Damian
NPCCandidate	287	Name	TravellingMerchant_Damian
NPCCandidate	288	Name	TravellingMerchant_Damian
NPCCandidate	289	Name	TravellingMerchant_Damian
NPCCandidate	290	Name	TravellingMerchant_Damian
NPCCandidate	291	Name	TravellingMerchant_Damian
NPCCandidate	292	Name	TravellingMerchant_Damian
NPCCandidate	293	Name	TravellingMerchant_Damian
NPCCandidate	295	Name	Merchant_Scott
NPCCandidate	296	Name	Hairdresser_Chris
NPCCandidate	297	Name	General_Grimchamp
NPCCandidate	298	Name	General_Paula
NPCCandidate	299	Name	General_Jane
NPCCandidate	300	Name	GM_Teleporter
NPCCandidate	301	Name	Mysterious_Grim
NPCCandidate	302	Name	MaterialDealer_Reece
NPCCandidate	303	Name	Luke_Thompson
NPCCandidate	304	Name	Administrator_SabukOfficer
NPCCandidate	305	Name	Wanderer_Charlotte
NPCCandidate	307	Name	GTStore_Mira
NPCCandidate	308	Name	GTTransporter
NPCCandidate	309	Name	GT_BulletinBoard
NPCCandidate	310	Name	GT_Peddler
NPCCandidate	311	Name	GT_Steward
NPCCandidate	312	Name	Stairs
NPCCandidate	313	Name	Stairs
NPCCandidate	314	Name	GTStore_Mira
NPCCandidate	315	Name	GTTransporter
NPCCandidate	316	Name	GT_BulletinBoard
NPCCandidate	317	Name	GT_Peddler
NPCCandidate	318	Name	GT_Steward
NPCCandidate	319	Name	Stairs
NPCCandidate	320	Name	Stairs
NPCCandidate	321	Name	GTStore_Mira
NPCCandidate	322	Name	GTTransporter
NPCCandidate	323	Name	GT_BulletinBoard
NPCCandidate	324	Name	GT_Peddler
NPCCandidate	325	Name	GT_Steward
NPCCandidate	326	Name	Stairs
NPCCandidate	327	Name	Stairs
NPCCandidate	328	Name	GTStore_Mira
NPCCandidate	329	Name	GTTransporter
NPCCandidate	330	Name	GT_BulletinBoard
NPCCandidate	331	Name	GT_Peddler
NPCCandidate	332	Name	GT_Steward
NPCCandidate	333	Name	Stairs
NPCCandidate	334	Name	Stairs
NPCCandidate	335	Name	GTStore_Mira
NPCCandidate	336	Name	GTTransporter
NPCCandidate	337	Name	GT_BulletinBoard
NPCCandidate	338	Name	GT_Peddler
NPCCandidate	339	Name	GT_Steward
NPCCandidate	340	Name	Stairs
NPCCandidate	341	Name	Stairs
NPCCandidate	342	Name	GTStore_Mira
NPCCandidate	343	Name	GTTransporter
NPCCandidate	344	Name	GT_BulletinBoard
NPCCandidate	345	Name	GT_Peddler
NPCCandidate	346	Name	GT_Steward
NPCCandidate	347	Name	Stairs
NPCCandidate	348	Name	Stairs
NPCCandidate	349	Name	GTStore_Mira
NPCCandidate	350	Name	GTTransporter
NPCCandidate	351	Name	GT_BulletinBoard
NPCCandidate	352	Name	GT_Peddler
NPCCandidate	353	Name	GT_Steward
NPCCandidate	354	Name	Stairs
NPCCandidate	355	Name	Stairs
NPCCandidate	356	Name	GTStore_Mira
NPCCandidate	357	Name	GTTransporter
NPCCandidate	358	Name	GT_BulletinBoard
NPCCandidate	359	Name	GT_Peddler
NPCCandidate	360	Name	GT_Steward
NPCCandidate	361	Name	Stairs
NPCCandidate	362	Name	Stairs
NPCCandidate	363	Name	GTStore_Mira
NPCCandidate	364	Name	GTTransporter
NPCCandidate	365	Name	Gt_BulletinBoard
NPCCandidate	366	Name	GT_Peddler
NPCCandidate	367	Name	GT_Steward
NPCCandidate	368	Name	Stairs
NPCCandidate	369	Name	Stairs
NPCCandidate	370	Name	GTStore_Mira
NPCCandidate	371	Name	GTTransporter
NPCCandidate	372	Name	GT_BulletinBoard
NPCCandidate	373	Name	GT_Peddler
NPCCandidate	374	Name	GT_Steward
NPCCandidate	375	Name	Stairs
NPCCandidate	376	Name	Stairs
NPCCandidate	386	Name	John_Schwartz
